Date,return,benchmark
2001-01-02,,
2001-01-03,0.16842100621144662,0.048034929993542974
2001-01-04,-0.018018122640322765,-0.010764223449413413
2001-01-05,-0.07645265725338735,-0.03264261114116951
2001-01-08,0.011037718045671774,0.007740467375118021
2001-01-09,0.0,-0.0026400668909726255
2001-01-10,0.051310111937965086,0.017568800413705343
2001-01-11,0.02907571181119617,0.0009456472253153159
2001-01-12,0.012865580341666627,-0.001889964310517911
2001-01-16,-0.011954927079445232,0.006392274805592235
2001-01-17,0.030501654312391047,0.0045870871437447835
2001-01-18,0.04207417287611892,0.009952033290322904
2001-01-19,-0.0037559060066241212,-0.005680896031178495
2001-01-22,0.0009427556964278772,0.006645839982312829
2001-01-23,0.020950497834625992,0.007876228746927616
2001-01-24,-0.009453043078174184,0.0029876256633234455
2001-01-25,-0.039106393051112964,-0.00252046075266088
2001-01-26,0.01623080957668921,-0.0011485588760514753
2001-01-29,0.022169165233249855,0.005335761281620943
2001-01-30,-0.0037315833015485467,0.008784576142985223
2001-01-31,-0.036703624616509334,-0.005660843252730863
2001-02-01,0.013219102321744058,0.0066420482043478835
2001-02-02,-0.05525705896404021,-0.022692610018831494
2001-02-05,-0.0008126354392399282,0.007344261284447429
2001-02-06,0.0016257084472952599,-0.0029460144344833905
2001-02-07,-0.016233567264222426,-0.00517046843971225
2001-02-08,-0.029868004297304962,-0.011656823210766776
2001-02-09,-0.040652897036731916,-0.009614541811883037
2001-02-12,0.012056735195205004,0.011453099780860176
2001-02-13,-0.03206017827494789,-0.008174124559701679
2001-02-14,0.039818838695537595,-0.0015123678538906393
2001-02-15,0.01653614177464413,0.00969271730022725
2001-02-16,-0.05599291173368659,-0.022049384512129566
2001-02-20,-0.03881731065159577,-0.015413511443374328
2001-02-21,-0.028118925786581817,-0.021574563121282475
2001-02-22,-0.009708484126433103,0.0015120192307691571
2001-02-23,0.0035294892290598234,-0.006756226762899331
2001-02-26,0.018952363015345197,0.02128685011648712
2001-02-27,-0.06040220165768251,-0.009246350458574248
2001-02-28,-0.03163303131062467,-0.019693192920324565
2001-03-01,0.02845115211431226,0.005244337336717475
2001-03-02,-0.043032895545135896,-0.007945479596775828
2001-03-05,0.018201039388423323,0.009141465423323059
2001-03-06,0.038906773679323825,0.010742762346861001
2001-03-07,0.0004044696603719977,0.0071381894813806746
2001-03-08,-0.0186155967531898,0.0011027729608021897
2001-03-09,-0.07010382450244801,-0.02957901815276298
2001-03-12,-0.06208309217189989,-0.04280121352549837
2001-03-13,0.05082666068423625,0.016429406438207783
2001-03-14,-0.015748110168666396,-0.019746740611816693
2001-03-15,-0.03657134783468452,0.0002548211975508252
2001-03-16,-0.02253826594930186,-0.02005666838933373
2001-03-19,0.04999974151017672,0.020345984808174844
2001-03-20,-0.06726739681460847,-0.02684281908472297
2001-03-21,0.0,-0.01698797647552497
2001-03-22,0.060718318947000194,-0.010154574231675983
2001-03-23,0.0,0.030237340995106
2001-03-26,-0.02313093273069966,0.012753016286441987
2001-03-27,0.03444196626723528,0.020441195677212143
2001-03-28,-0.08208076931781894,-0.027638554746826527
2001-03-29,-0.01889232713672495,0.0038246111486515133
2001-03-30,0.00513486451185341,0.010478129463096897
2001-04-02,-0.04469975194778686,-0.02133853854651624
2001-04-03,-0.07326206416043135,-0.033362450776629804
2001-04-04,-0.017599646659026025,0.0041666471149335305
2001-04-05,0.0957424550797148,0.03788889365843273
2001-04-06,-0.03645199696437318,-0.015210634355804498
2001-04-09,0.030598501246188237,0.011120556155395533
2001-04-10,0.07422351747081102,0.01824461031409763
2001-04-11,0.030151310505243556,0.0006859174497007015
2001-04-12,0.043901844307210114,0.018160947605593947
2001-04-16,-0.05957907199912582,-0.010517227695957532
2001-04-17,0.024844400903932362,0.01411540793916144
2001-04-18,0.10424268684677207,0.039745504007156374
2001-04-19,0.060373115662631927,0.013306332527648568
2001-04-20,0.0020705641273921493,-0.009152686897038076
2001-04-23,-0.06714894982066066,-0.018152259375935564
2001-04-24,-0.018825781300186306,-0.005399600174152641
2001-04-25,0.01805761672685735,0.013077964050188795
2001-04-26,-0.02549829981189411,0.00446530173208437
2001-04-27,0.02730384400631669,0.01665067715337276
2001-04-30,0.022148816406500904,0.00699607710931982
2001-05-01,0.04116974578403232,0.003079321854901229
2001-05-02,0.019354510129399705,-0.001810138806385475
2001-05-03,-0.04450809270011913,-0.012695184302919937
2001-05-04,0.02991458867694763,0.017010834365021932
2001-05-07,-0.020746726063015863,-0.008637778085124115
2001-05-08,0.02118627184120192,-0.0004750242044776476
2001-05-09,-0.034231627897793326,-0.004200587179058246
2001-05-10,-0.016756344134447154,0.0029444448865245665
2001-05-11,-0.004806779770434644,-0.006903605044965677
2001-05-14,-0.0160260332503378,0.001997597261945039
2001-05-15,0.007362337116860518,0.004625190230605369
2001-05-16,0.044297130950086805,0.023575043548497154
2001-05-17,0.015906257920473843,0.0015507604050886137
2001-05-18,0.002922883612863636,0.004568685870177003
2001-05-21,0.06265658911723149,0.014721996002416748
2001-05-22,-0.0029388031201647014,-0.0012912036102092905
2001-05-23,-0.04420423115498695,-0.016960723268561684
2001-05-24,0.025693799564181274,0.0029397907698847092
2001-05-25,-0.018236994285273145,-0.011802941340189999
2001-05-29,-0.05858319032818671,-0.007962202273171126
2001-05-30,-0.036643306619291494,-0.014006846776408954
2001-05-31,0.006752139228013432,0.005187167888436983
2001-06-01,0.02951023697387356,0.006192977383629117
2001-06-04,-0.004777259677090195,0.004812958305406845
2001-06-05,0.04407595029333744,0.011465480200409273
2001-06-06,-0.007732320756019706,-0.00830697945084602
2001-06-07,0.025694987431545524,0.0036011922866354684
2001-06-08,-0.027720974916694008,-0.009282854347559044
2001-06-11,-0.027455187836148087,-0.007086705815297023
2001-06-12,-0.005428641553380964,-0.0017446761964855506
2001-06-13,-0.027292550169888852,-0.00857996042329734
2001-06-14,-0.051627264740983225,-0.022435490604420405
2001-06-15,0.008283310788640863,0.0016111585342672985
2001-06-18,-0.013379838786202969,-0.004842459619716966
2001-06-19,-0.0049965415608423935,0.004370812340863228
2001-06-20,0.022716763788764194,0.005255250294092573
2001-06-21,0.013560815142915628,0.011353210502845545
2001-06-22,-0.002306786023799634,-0.007833576255979913
2001-06-25,0.0025432686786486247,-0.009198732656429787
2001-06-26,0.00345927673126889,-0.0013965282688170877
2001-06-27,0.006435271181296498,-0.0005755603857123814
2001-06-28,0.01278824652825028,0.005514975264535593
2001-06-29,0.030439952631977407,0.0036843150257017676
2001-07-02,-0.0054710094806303955,0.01247931659117052
2001-07-03,0.00418074490227105,-0.00024173534624616355
2001-07-05,-0.047983899915430506,-0.019500214739606614
2001-07-06,-0.041426999036375256,-0.02161445134672857
2001-07-09,0.008643429430073013,0.005460254062498615
2001-07-10,-0.0359438934377907,-0.012030114725535612
2001-07-11,0.012346025754400136,0.0010145304982820402
2001-07-12,0.0634146470866972,0.0237371404542861
2001-07-13,-0.010321532653324694,0.00866410727709277
2001-07-16,-0.018539721868988668,-0.012515974656738371
2001-07-17,0.02243192610745237,0.009360817179258074
2001-07-18,-0.03810613380534056,-0.006812005353458939
2001-07-19,0.023769158914604294,0.008759881122280433
2001-07-20,-0.023217303146545465,-0.005980342501131886
2001-07-23,-0.02497039083016117,-0.019697161390443307
2001-07-24,-0.011326880162676911,-0.00966736703659099
2001-07-25,0.008717238259365212,0.011035056190407788
2001-07-26,0.014814805697294764,0.010495343712420668
2001-07-27,0.020681206721651302,0.003822562741960578
2001-07-30,-0.005959211223103722,0.00033150277646010196
2001-07-31,0.0014387716743577972,0.004137043993056144
2001-08-01,0.0320878131552611,0.00626250595663147
2001-08-02,0.018794026237466177,0.004094751920008299
2001-08-03,-0.016625413099014885,-0.0054643464984487355
2001-08-06,-0.015748241399848317,-0.013449409095445009
2001-08-07,-0.00517576918110374,0.003907727504929737
2001-08-08,-0.04210059098026231,-0.018548610008029764
2001-08-09,0.004197474197428219,0.002953557976293819
2001-08-10,-0.009589812704367984,0.003448166106118533
2001-08-13,0.020357993859985823,0.00025174484351042636
2001-08-14,-0.012165130331231011,-0.000418797989366948
2001-08-15,-0.03694628073712847,-0.008635888903548494
2001-08-16,0.011764774060820216,0.003467237153779168
2001-08-17,-0.04550019589020071,-0.016013099786350904
2001-08-20,0.013770746867735717,0.00925071854861148
2001-08-21,-0.0415364418702554,-0.017058859810044846
2001-08-22,0.027256350653307226,0.010361319675886937
2001-08-23,-0.009817721979245242,-0.0035896110380462254
2001-08-24,0.05305543245435729,0.020755030903736538
2001-08-27,0.001271907980743947,-0.005965754289443903
2001-08-28,-0.031257827758731094,-0.014622337919095063
2001-08-29,-0.01469043804600012,-0.008920677928658471
2001-08-30,-0.03700764624280173,-0.01921419062982277
2001-08-31,0.012717920909481872,0.00732458851793516
2001-09-04,-0.03166769806956515,-0.006396113483160049
2001-09-05,-0.00394761537711652,0.0024690688571864516
2001-09-06,-0.040475734960565224,-0.025769402326426105
2001-09-07,-0.005898991254715713,-0.01850680665381399
2001-09-10,0.011869000254091322,0.012234001590363919
2001-09-17,-0.08504370883317391,-0.05224971145510671
2001-09-18,-0.022436074809333073,-0.0023969223756250546
2001-09-19,-0.01737686388835258,-0.020182431540838985
2001-09-20,-0.03336695278483226,-0.031780561928247186
2001-09-21,-0.026924063344461624,-0.010788697991418794
2001-09-24,0.0503723399766014,0.035156231499006596
2001-09-25,0.0030394273834515317,0.010427040545416322
2001-09-26,-0.034679882090231984,-0.00353868828245707
2001-09-27,-0.006627807660168128,0.008680019489588187
2001-09-28,0.017556680219440235,0.02121825397521926
2001-10-01,-0.008626880723565211,-0.0016278065942094688
2001-10-02,0.00313315679783277,0.012563591237106042
2001-10-03,0.07564169403593102,0.01676414647361124
2001-10-04,0.009677411809662972,0.0008386621582769926
2001-10-05,0.01469627639939719,-0.00195483016814213
2001-10-08,0.0031488030802693245,-0.006527858939051834
2001-10-09,-0.024168291304222933,-0.005350538395889948
2001-10-10,0.045352033183020835,0.022272074877920822
2001-10-11,0.0676921785487794,0.01551049458027598
2001-10-12,-0.004322862732913824,-0.004546284841695392
2001-10-15,-0.004341106339397771,-0.0018259229916677278
2001-10-16,0.016278789745489464,0.006312474091735298
2001-10-17,-0.07179613850084687,-0.021274227521557054
2001-10-18,0.027118588205588656,-0.002136891098039828
2001-10-19,0.006600714812299957,-0.000651731505781683
2001-10-22,0.026826020193418953,0.019749195088335947
2001-10-23,0.005224353039953389,-0.005116211240053681
2001-10-24,0.021658264975396913,-0.0026623536881218435
2001-10-25,0.04013484532316358,0.017952230876567832
2001-10-26,-0.021466986808762356,-0.0022603429305187994
2001-10-29,-0.05470710982448723,-0.026015406975293587
2001-10-30,-0.019389313088889693,-0.012005990688304324
2001-10-31,0.015577972406926266,-0.0033910116828193004
2001-11-01,0.042478498733662606,0.025613742224476432
2001-11-02,0.007357221016315529,0.006820101581894278
2001-11-05,0.03258385587180146,0.013089157790015626
2001-11-06,0.038900261251689106,0.015540254811133192
2001-11-07,-0.0013086403608753017,-0.0013341892189291382
2001-11-08,-0.010225475428524033,0.003117800268452431
2001-11-09,-0.0005296530688365664,0.0010650515775751934
2001-11-12,0.00715692825319203,-0.006120424187184281
2001-11-13,0.03578866674430392,0.022494294867159148
2001-11-14,0.007113671365515328,0.0009598947249982448
2001-11-15,-0.004035883257315187,0.0018314236477321444
2001-11-16,-0.0027862433753111926,-0.00443980581371195
2001-11-19,0.02844779548261367,0.01232952860411718
2001-11-20,-0.04618406920693452,-0.008378486974591093
2001-11-21,-0.005179090256232088,-0.006620193476942204
2001-11-23,0.022385107310555208,0.014380332585986366
2001-11-26,0.02469403010129323,0.0021615304885562736
2001-11-27,-0.0012425634502820637,-0.004312910871085207
2001-11-28,-0.03606936304104691,-0.018106015781802154
2001-11-29,0.030967484795885625,0.013498898136403481
2001-11-30,-0.007509212815063782,-0.007138736013872049
2001-12-03,-0.017149944778067083,-0.005962059563723199
2001-12-04,0.04772867032158379,0.016935955741608666
2001-12-05,0.04947378468792252,0.018301452938824347
2001-12-06,0.001399417896304378,-0.0005109058313499393
2001-12-07,-0.027499125529962587,-0.006647822568348949
2001-12-10,-0.017492751580273858,-0.0187028874109032
2001-12-11,0.005609067266252321,-0.0020100087155132673
2001-12-12,0.008004059845570621,0.0011378148189344905
2001-12-13,-0.043310965364378284,-0.019425169059299807
2001-12-14,0.008802975228503263,0.009547924643961814
2001-12-17,0.017203412504078752,0.01034250763232003
2001-12-18,0.011274122079434123,0.005949330907057737
2001-12-19,-0.018177259001804336,0.007044371809107108
2001-12-20,-0.04245927374756031,-0.00984559649828698
2001-12-21,0.017788603475285658,0.006065615112452294
2001-12-24,-0.0040526967663139235,-0.001914022141982552
2001-12-26,0.009409521710787683,0.005491120796133453
2001-12-27,0.008062854066509084,0.006068097922424798
2001-12-28,0.007998137886977341,-0.000517191080062096
2001-12-31,-0.03520953855547848,-0.014654989831777043
2002-01-02,0.030840024397990495,0.010761031068966087
2002-01-03,0.03465550466717837,0.011338837358051634
2002-01-04,0.004095999867212319,0.006676458288314535
2002-01-07,-0.011039719499117973,-0.0070568297053634765
2002-01-08,0.006795095821507058,-0.0023119444095826003
2002-01-09,-0.009158777668927143,-0.008153443051026832
2002-01-10,0.006567446516032138,0.00441295874111125
2002-01-11,-0.012808912421944374,-0.009821036224170188
2002-01-14,-0.0217864865740377,-0.006263243841918342
2002-01-15,0.009509569676435126,0.008141682440345521
2002-01-16,-0.03867057851848721,-0.020234570087756643
2002-01-17,0.022433673356105466,0.007534348449001138
2002-01-18,-0.026734204715586185,-0.004574853300004955
2002-01-22,-0.03083694749837851,-0.006893238441290528
2002-01-23,0.027540153282239244,0.007653140825305549
2002-01-24,0.013270940487017047,0.003091491767221788
2002-01-25,-0.002824533288643516,-0.00026397932770949595
2002-01-28,0.005665534586790866,0.002729451938612515
2002-01-29,-0.027401215572662063,-0.03144199202551268
2002-01-30,0.007635967836699731,0.014417897880243835
2002-01-31,0.0062712506869671,0.011709908966758276
2002-02-01,-0.0096081450879687,-0.00468275319206779
2002-02-04,-0.03198755376490059,-0.024855775099462796
2002-02-05,-0.01652200816010596,-0.006190506796648565
2002-02-06,-0.006884726265607655,-0.0043051457788039205
2002-02-07,-0.024126416437515008,-0.006255562008183002
2002-02-08,0.02784835361234017,0.019162940195913247
2002-02-11,0.012717920909481872,0.012263133639654367
2002-02-12,-0.008190374128307809,-0.003141040644423776
2002-02-13,0.017065876909411193,0.010621935015100448
2002-02-14,-0.0018937992088381428,-0.0018702674325209445
2002-02-15,-0.029826823152906967,-0.010440483264139155
2002-02-19,-0.03074299016266624,-0.01920870061073865
2002-02-20,0.013551813740639629,0.016825594800314647
2002-02-21,-0.04751071424749631,-0.020706674248732182
2002-02-22,0.005078200002693656,0.012372765204111458
2002-02-25,0.04041569116929322,0.016509003214909335
2002-02-26,-0.0037132204485493814,-0.002064233289822859
2002-02-27,-0.013761316806128243,0.0038660313391634116
2002-02-28,-0.01802327748961341,-0.004478169790176678
2002-03-01,0.05802193774541076,0.02330275371111168
2002-03-04,0.039452227520128114,0.017671485953123733
2002-03-05,0.007267504006514214,-0.003196255288282268
2002-03-06,0.004810308043434075,0.011873399060758238
2002-03-07,0.0021272446532027978,-0.0021412226267809586
2002-03-08,0.026274177171115687,0.004206051694121804
2002-03-11,-0.003619950333939248,0.002136727740108757
2002-03-12,-0.01375501184942407,-0.0005972319200777676
2002-03-13,-0.024211420314318555,-0.009643969996990132
2002-03-14,-0.005933045861607367,-0.0013782493951016717
2002-03-15,0.010037814776323373,0.009527677339701723
2002-03-18,0.005641042713742994,0.00017208864849038719
2002-03-19,-0.0016023571280986415,0.006685227569484642
2002-03-20,-0.03531310114361175,-0.01881660222199455
2002-03-21,0.026621996938193337,0.0004345566552077518
2002-03-22,-0.009184162444402677,-0.002168848116368971
2002-03-25,-0.03053432379422716,-0.012430634099000804
2002-03-26,0.009280612800179,0.00580952726882189
2002-03-27,-0.007802267715370181,0.0026253091835970466
2002-03-28,0.012637243206275128,-0.00043668262784746226
2002-04-01,0.019134312877742143,0.000436873402873017
2002-04-02,-0.045169943051325046,-0.005498339786001671
2002-04-03,-0.0017097975441630053,-0.007021584740176112
2002-04-04,-0.007707978348163169,-0.004154406346853157
2002-04-05,-0.011219847925778237,0.00017732311755147556
2002-04-08,0.01251116886171788,0.0021299273631767424
2002-04-09,-0.034769951413134215,-0.0069956138803610735
2002-04-10,0.007442764840214888,0.011325220352542908
2002-04-11,-0.024822501992548318,-0.024865634032772088
2002-04-12,0.0157574141268102,0.007505706059310668
2002-04-15,0.008054933459157088,-0.0076294227325225394
2002-04-16,0.04172836058863516,0.023786030909772604
2002-04-17,-0.005113490245481134,-0.00211991096352937
2002-04-18,-0.019132187510979337,-0.0043381052210021975
2002-04-19,0.0032020912607222396,0.0036453951298087706
2002-04-22,-0.025246498391308214,-0.01665485482496787
2002-04-23,-0.017266726034114388,-0.004324497597495425
2002-04-24,-0.015450335383520919,-0.01004321651935658
2002-04-25,-0.002461407001149496,0.0005483635451393187
2002-04-26,-0.042566554317000516,-0.019000676360809488
2002-04-29,0.0025775472414062417,-0.004934751471776688
2002-04-30,0.019601439960168943,0.009357444289135541
2002-05-01,-0.005357490864407621,0.012238467532172503
2002-05-02,-0.03326982896179864,-0.0038470658702332017
2002-05-03,-0.025237903874751222,-0.010849773942085306
2002-05-06,-0.0258911948253725,-0.01961283709943762
2002-05-07,-0.009319723682402303,-0.003508480745300746
2002-05-08,0.10696835438590702,0.03720320265046939
2002-05-09,-0.025810491219183662,-0.011558975265287486
2002-05-10,-0.04491087318188991,-0.01883943683112932
2002-05-13,0.04059506062154017,0.020336632237773156
2002-05-14,0.058842903100909894,0.021785417054136058
2002-05-15,0.0073688364982920085,-0.0039018296509274464
2002-05-16,0.0015239129188671097,0.005192236223080515
2002-05-17,0.0021302042160555867,0.004892894258052838
2002-05-20,-0.02186455895455164,-0.010820561576272314
2002-05-21,-0.027320790979410203,-0.00911606150932176
2002-05-22,0.002234377636435747,0.002207890970162385
2002-05-23,0.020063484466929626,0.010647799734907482
2002-05-24,-0.02466419168518852,-0.012805734383597223
2002-05-28,-0.004481701574191477,-0.005428597719299599
2002-05-29,-0.026366537604437745,-0.007400373995621101
2002-05-30,0.008586591447591774,-0.0027959551250699155
2002-05-31,-0.01637206112291556,0.002055804700220598
2002-06-03,-0.03528606263132805,-0.026580457937474544
2002-06-04,0.013112023643661264,0.0024910272541991407
2002-06-05,0.010218212868527088,0.009366161860416167
2002-06-06,-0.026297635323647928,-0.020357824039593853
2002-06-07,-0.02008312156460168,-0.0011599147886204308
2002-06-10,-0.0017669297337971068,0.0038704505548301515
2002-06-11,-0.02796494824539497,-0.017158262812583147
2002-06-12,0.014567022338868085,0.006081079662528577
2002-06-13,-0.006460854846946473,-0.010040832254107124
2002-06-14,-0.002167923136511596,-0.0014769587064034084
2002-06-17,0.03403362737129023,0.026824191757587545
2002-06-18,0.016106292789294763,0.008163992564482525
2002-06-19,-0.05789098032350681,-0.023340179565464192
2002-06-20,-0.03218753452426526,-0.012777796788788875
2002-06-21,-0.02418787504535458,-0.015636182770600526
2002-06-24,0.019752664531162756,0.0052373569801424935
2002-06-25,-0.033042026497304255,-0.022444588680435418
2002-06-26,0.007462464734204977,0.001639928820007519
2002-06-27,0.021832342177513286,0.01749918444021059
2002-06-28,-0.004196734010023295,-0.004727498836137434
2002-07-01,-0.04789232946588917,-0.01950230174798484
2002-07-02,-0.03621781404692814,-0.021230884695512375
2002-07-03,0.033403032574532254,0.0056859300434444204
2002-07-05,0.06424265151323039,0.03978667100115918
2002-07-08,-0.036446577416975545,-0.012485682494179473
2002-07-09,-0.02836897098544977,-0.025186311055599875
2002-07-10,-0.030819148952787923,-0.03640196995629463
2002-07-11,0.03765697953275393,0.008141687593999247
2002-07-12,0.0,-0.010983313586286902
2002-07-15,0.031048554910654058,0.005335368115498396
2002-07-16,-0.01486134345729584,-0.01927682547056908
2002-07-17,0.018261138563207213,0.0019870599338471795
2002-07-18,-0.03586703438328209,-0.03239950389692192
2002-07-19,-0.029923301730924612,-0.035193767949522226
2002-07-22,-0.02459415028588352,-0.029630442075563534
2002-07-23,-0.0427348085130117,-0.02737262793432882
2002-07-24,0.05446431579035749,0.059662644787608965
2002-07-25,-0.058001573666772166,-0.008498652519591143
2002-07-26,0.018876209971026903,0.019047445719907907
2002-07-29,0.05116951816347437,0.048715221732116065
2002-07-30,0.020142068672388547,0.01303314884342699
2002-07-31,-0.018921992801652854,0.0024190888504809216
2002-08-01,-0.046960316060852936,-0.026107856530418916
2002-08-02,-0.021117336524417052,-0.02241529906498585
2002-08-05,-0.03640448293947218,-0.03479663904192032
2002-08-06,0.04943997967444025,0.033663397291536556
2002-08-07,0.013333530719417785,0.01743867964263157
2002-08-08,0.03377241326603575,0.03234968017344375
2002-08-09,-0.010183136879144739,0.0037384366100714495
2002-08-12,0.0030003663531621427,-0.007339332112599406
2002-08-13,-0.03418767250949162,-0.018207990908558846
2002-08-14,0.06371671780172927,0.03652903778284711
2002-08-15,0.02038217364986461,0.013880080901975456
2002-08-16,0.006931031740232685,-0.0029941920393289356
2002-08-19,0.024291205679197958,0.023385071046818195
2002-08-20,-0.004347683956406723,-0.010587319923854421
2002-08-21,0.022230935650373596,0.014408391345875238
2002-08-22,0.015922624979529898,0.009713497524361792
2002-08-23,-0.03860883131758808,-0.021514467496474343
2002-08-26,0.003976561737704332,0.006976050088959074
2002-08-27,-0.03485149627259987,-0.011546742342846916
2002-08-28,-0.036520487707226934,-0.02187750162246571
2002-08-29,0.013202694117770752,0.0004343355261562376
2002-08-30,-0.012610617930755685,-0.003907451263450601
2002-09-03,-0.036185516899368775,-0.038134907945647334
2002-09-04,0.0039752531260117685,0.014272826202155642
2002-09-05,-0.024636726464927095,-0.008487393089486539
2002-09-06,0.030671966669344464,0.01374219189091952
2002-09-09,0.010065304839380618,0.007332732894064664
2002-09-10,0.02469696377663455,0.011471834196761233
2002-09-11,-0.008456303318970404,-0.006216036440946593
2002-09-12,-0.0272926711477256,-0.018435548955173076
2002-09-13,0.007891749628399447,0.002459385233845035
2002-09-16,-0.01435457723768263,0.002453747977291698
2002-09-17,-0.021182373887418393,-0.022917199643065933
2002-09-18,-0.011271527430291584,-0.010019329879519479
2002-09-19,-0.015959846360273033,-0.025876755256783457
2002-09-20,0.0041704103724546915,0.00033187784656618646
2002-09-23,-0.029994831379912767,-0.008180060926655797
2002-09-24,0.00047495716653878084,-0.016136715678366276
2002-09-25,0.03994329509907946,0.02478417709081504
2002-09-26,-0.012345744247129531,0.0163606113925574
2002-09-27,-0.013425523748060497,-0.03476016099245982
2002-09-30,-0.02768685013911798,-0.011601783014315026
2002-10-01,0.06081138642148454,0.048050580803813414
2002-10-02,-0.0332128971707879,-0.029981465667717977
2002-10-03,-0.02399979185600365,-0.010102344410771513
2002-10-04,-0.018803895969103146,-0.018345144366172406
2002-10-07,-0.00933677632968588,-0.02066865137973284
2002-10-08,0.0019841332283700996,0.015670641741144742
2002-10-09,-0.006930883098402063,-0.028244189533740305
2002-10-10,0.05084790945391093,0.0323945776830723
2002-10-11,0.05407947712935379,0.04377992774213668
2002-10-14,0.011701053546573803,0.00558395256731381
2002-10-15,0.048042758791140505,0.04809216051640308
2002-10-16,-0.03310711411420186,-0.0242390208252794
2002-10-17,0.03380156863135175,0.0198734892168535
2002-10-18,0.011040520942168897,0.004191344450685586
2002-10-21,0.020159946097774828,0.017260806022036057
2002-10-22,-0.00617598127718233,-0.007208398445588071
2002-10-23,0.01905571561176478,0.007595352933443378
2002-10-24,-0.025203195118895905,-0.02039813459793205
2002-10-25,0.030025115894070975,0.020822882559089262
2002-10-28,-0.00850239443470302,-0.006540705136317104
2002-10-29,-0.023274678081408484,-0.011605344429138409
2002-10-30,0.026756131009460615,0.009709381252892557
2002-10-31,-0.0004074210790033783,-0.010175436120037684
2002-11-01,0.028513655415163486,0.019769200063707526
2002-11-04,0.02574235710675632,0.00952758227160544
2002-11-05,0.00772194421799921,0.007900494843326777
2002-11-06,0.014176268428324201,0.012955717697552327
2002-11-07,-0.035133775204514106,-0.024504788615234085
2002-11-08,-0.018402845642456978,-0.01223055688723007
2002-11-11,-0.03031539365163527,-0.015505113922031688
2002-11-12,0.02550394861423344,0.007931565253017858
2002-11-13,0.012033689641021583,0.0010114277476678257
2002-11-14,0.03448298779155978,0.018865501031239296
2002-11-15,0.013027078244076895,0.007385161163267817
2002-11-18,-0.014750442619546722,-0.01006570417913788
2002-11-19,-0.015355393067200906,-0.0013263499591057437
2002-11-20,0.042495686155476387,0.022244300835533748
2002-11-21,0.037022885691532226,0.018620796106759263
2002-11-22,-0.0003608460761870269,-0.007120677990712032
2002-11-25,0.009740312023822417,0.0006417991592961858
2002-11-26,-0.03358357119733124,-0.01904158631969144
2002-11-27,0.03179312504874221,0.02813541000327824
2002-11-29,-0.006807638109556313,-0.003181727429222181
2002-12-02,0.010101124871244815,0.0015955021890059484
2002-12-03,-0.02964272815356339,-0.013385218348219152
2002-12-04,-0.022083496931471602,-0.004522630971745767
2002-12-05,-0.013925249314214239,-0.011033104353805667
2002-12-06,0.010305310732919182,0.006562135569982752
2002-12-09,-0.04722314197870947,-0.027490333364014963
2002-12-10,0.015067137710134793,0.013407609506989937
2002-12-11,0.004687515351327276,0.0008818501592260386
2002-12-12,0.005443296629448202,-0.00011020725136423604
2002-12-13,-0.03170934862680186,-0.015754095323272654
2002-12-16,0.032348690463381624,0.025856392259529848
2002-12-17,0.003094260646141267,-0.008728703289867967
2002-12-18,-0.0212106102336711,-0.011557518422274482
2002-12-19,-0.012608124031207035,-0.007126819911819293
2002-12-20,0.01037490326253998,0.014269280754122926
2002-12-23,0.013822860730165587,0.0003330019404130802
2002-12-24,-0.012465689144175895,-0.0074432621213763595
2002-12-26,-0.0027619082096133063,0.0004480592562965402
2002-12-27,-0.01819604368907668,-0.02248578459407169
2002-12-30,-0.007654709403231763,0.008353908577594549
2002-12-31,-0.010556126045350278,0.0013620955685424985
2003-01-02,0.042264854149103304,0.032189019524091256
2003-01-03,0.011023567257409272,0.0030745988567004723
2003-01-06,0.024922462254669764,0.017623919003819433
2003-01-07,0.012537663655410869,-0.0024737656130603414
2003-01-08,-0.02814252945726803,-0.014450966214737182
2003-01-09,0.030888476767239936,0.015538139156426656
2003-01-10,0.01498063453283982,0.002693946535853531
2003-01-13,-0.005904078539997304,-0.00032252110706043613
2003-01-14,0.005196961020941915,0.003224737228968433
2003-01-15,-0.012555053767687618,-0.00996470329769028
2003-01-16,-0.011219305350276265,-0.0041123735355561575
2003-01-17,-0.042738635546563875,-0.014779865547813853
2003-01-21,-0.011062588838090637,-0.015552661727907813
2003-01-22,-0.003995534806987,-0.012100697407585348
2003-01-23,0.02326544839461575,0.006124691947848371
2003-01-24,-0.027048544141203834,-0.026265175013158282
2003-01-27,-0.011684508057543175,-0.013660586490725879
2003-01-28,0.010192079726124792,0.007394258119701069
2003-01-29,0.014931423262094956,0.007573064893157344
2003-01-30,-0.025844452891433445,-0.02370487352031625
2003-01-31,-0.002449402687572988,0.019305766644928113
2003-02-03,0.002045624547791336,0.0019757534683115807
2003-02-04,-0.012249986398978785,-0.009857926321446109
2003-02-05,-0.004547185763741579,-0.0062071963133174535
2003-02-06,0.005399042257179021,-0.004713998144121323
2003-02-07,-0.016522241770888235,-0.012196529099911202
2003-02-10,0.008819827720342177,0.0070727580491316555
2003-02-11,0.005412150056133713,-0.006904509627072342
2003-02-12,-0.013664803740676579,-0.01594186664857955
2003-02-13,0.005038466272830666,0.003045518326198371
2003-02-14,0.022973335710929632,0.021857874417623213
2003-02-18,0.031033644300172858,0.01758791095415968
2003-02-19,-0.006732849795538565,-0.0052553260201705365
2003-02-20,-0.003987478945686518,-0.009978274839645529
2003-02-21,0.007605951309938019,0.010078844318319735
2003-02-24,-0.017083461167838432,-0.016201146385543153
2003-02-25,0.0012123630069642566,0.007995736541164034
2003-02-26,-0.022204192914768828,-0.014562041457196528
2003-02-27,0.022708414940905364,0.013214993837944
2003-02-28,0.015745019203072586,0.006639673295528725
2003-03-03,-0.02027035667924082,-0.009540402134476933
2003-03-04,-0.006084775779588325,-0.01593492502480609
2003-03-05,0.0020403365311338906,0.008458616481334724
2003-03-06,-0.002444138364388615,-0.008387668411072857
2003-03-07,0.0020419111303724424,0.006888054850197944
2003-03-10,-0.021597437729228397,-0.02400421080278603
2003-03-11,-0.008746737857108666,-0.009837472830388605
2003-03-12,0.01806750646951194,0.00670621766961399
2003-03-13,0.05736730273969548,0.0345425698573556
2003-03-14,0.0039029026384591603,0.0032198050701255365
2003-03-17,0.034215082898696014,0.03149884077232734
2003-03-18,0.012405602692923567,0.005876322328103756
2003-03-19,-0.008540120509785365,0.007676055334039811
2003-03-20,0.0037447767382881025,0.0021600445743186203
2003-03-21,0.013806162466501792,0.021345055331435825
2003-03-24,-0.04159001044470556,-0.033233068058722615
2003-03-25,0.014208669840797938,0.009574234765310718
2003-03-26,0.00568005007140493,-0.005027131372034588
2003-03-27,-0.007153827161884063,0.0008036622290232831
2003-03-28,-0.010997701952206396,-0.005049010528242248
2003-03-31,-0.031824590632818395,-0.02271926586328321
2003-04-01,0.007920456046543789,0.015341510237804057
2003-04-02,0.02750477777822291,0.024174399290697757
2003-04-03,0.012619610228575384,-0.004766657442176525
2003-04-04,-0.016238402607919977,0.005929527125128287
2003-04-07,0.001535339245518852,-0.0019270611528779957
2003-04-08,-0.0011500648811334502,0.001590348613765169
2003-04-09,-0.02302352052549672,-0.013153656240041278
2003-04-10,0.01217593293046515,0.005516346193700894
2003-04-11,-0.010089238374347498,-0.0041146124025362996
2003-04-14,0.020384048343220273,0.020653634268547272
2003-04-15,0.009604485790091433,0.009331441060549173
2003-04-16,-0.002282896358040132,-0.017042449378183
2003-04-17,0.022882840950130268,0.014844558452726142
2003-04-21,0.003728699632266741,0.0010052557399586881
2003-04-22,0.018945186505002543,0.018850534264334362
2003-04-23,0.007290812802666968,0.009196859925413525
2003-04-24,-0.005429084758706293,-0.00889531004832167
2003-04-25,-0.01928655599264062,-0.012368704345614656
2003-04-28,0.01966584236250757,0.017289337149202
2003-04-29,0.009098115062980083,0.0034858130523434117
2003-04-30,-0.010096989639975185,-0.002171041427702858
2003-05-01,0.008742862487173264,-0.00010890275575492492
2003-05-02,0.021307005673286694,0.014254518572900388
2003-05-05,-0.0010606035112009637,-0.001931279565857924
2003-05-06,0.012743241510073444,0.00945971118164346
2003-05-07,-0.011184698439792307,-0.005537047679472162
2003-05-08,-0.018381428600148686,-0.010065675898069726
2003-05-09,0.02304677536405131,0.013845612610082547
2003-05-12,0.015135342504648763,0.01226840871034307
2003-05-13,-0.006241548010130882,-0.0017910544514198046
2003-05-14,-0.0020930034168143985,-0.002111873164395428
2003-05-15,0.011188527077392152,0.006349151557622168
2003-05-16,-0.007607020814258125,-0.0025238835497415346
2003-05-19,-0.035191566959358656,-0.02340064963185129
2003-05-20,0.0028887290631380846,-0.0020512382996088485
2003-05-21,-0.002880408343841512,0.002055454526657119
2003-05-22,0.014445691099848723,0.009929883947214613
2003-05-23,0.00035589878438613276,0.0020308200784135977
2003-05-27,0.035587134949494725,0.01749143879287196
2003-05-28,0.0030926956847558973,0.0028298657223322365
2003-05-29,0.004110932294673075,-0.0026129402908584565
2003-05-30,0.016376716112645795,0.016033894414863692
2003-06-02,-0.007048968474248518,0.004126341241817322
2003-06-03,0.009465498760298896,0.004109084235145888
2003-06-04,0.01875401760960349,0.01442461935680206
2003-06-05,0.007231996395994367,0.004941245253236026
2003-06-06,-0.016644613963812893,-0.003913799257793227
2003-06-09,-0.013275770825190936,-0.010175171991329779
2003-06-10,0.015136253413728262,0.010178490138263552
2003-06-11,0.01126543529661217,0.010579234158923478
2003-06-12,0.0042597203663412575,0.003090439270460932
2003-06-13,-0.02251228674470218,-0.010436465497183134
2003-06-16,0.030707102640247674,0.021092950624209017
2003-06-17,-0.003885657730157699,0.0
2003-06-18,0.005201651374957317,-0.0008849729544949669
2003-06-19,-0.016170852043405515,-0.015260712862711023
2003-06-20,-0.0013147797753186863,-0.0022072069281046103
2003-06-23,-0.015470622926380018,-0.010257861910080712
2003-06-24,-0.007690005825761959,0.0010159378656093843
2003-06-25,-0.0053906246540629255,-0.010048428626993844
2003-06-26,0.02371277337444111,0.013021533918370354
2003-06-27,-0.012905494571411436,-0.011538761339497938
2003-06-30,0.004022581023985339,-0.00030684308394235416
2003-07-01,0.01335601716433743,0.009218082686297757
2003-07-02,0.020428062262597413,0.01258560264951103
2003-07-03,-0.012593038084430574,-0.010324129651860692
2003-07-07,0.04283862580823139,0.019850187000757025
2003-07-08,0.01222981102412457,0.004468325392664729
2003-07-09,-0.0024784627915052093,-0.005634739547499934
2003-07-10,-0.018633319210092147,-0.012726289158971227
2003-07-11,0.007594601052013594,0.009465560829844621
2003-07-14,0.011935033530720451,0.004889016432827686
2003-07-15,0.001240976355694201,-0.002183992521543221
2003-07-16,-0.0030992979958340827,-0.005870343786398391
2003-07-17,-0.03047311450668888,-0.014210988431818117
2003-07-18,0.0032077402029844215,0.010253677594720179
2003-07-21,-0.012788485234565883,-0.012360843478022576
2003-07-22,0.014896978045160658,0.00905593829016449
2003-07-23,0.00829616885387785,0.0007059661956270169
2003-07-24,-0.013291573651991073,-0.007557631430279432
2003-07-25,0.019884719020416997,0.017667265165364654
2003-07-28,0.0028301088870108515,-0.0036920872254153636
2003-07-29,-0.007525753337387697,-0.004606485154521778
2003-07-30,-0.007266880877005666,-0.002414001419214773
2003-07-31,0.01209406515957867,0.002319148318687958
2003-08-01,-0.010691467041430314,-0.00885386890356521
2003-08-04,-0.00031806295053515843,0.0
2003-08-05,-0.039427785816738004,-0.021216209119900742
2003-08-06,-0.0006614720471993518,0.005807962993373161
2003-08-07,0.003974761711691865,0.010517467321305762
2003-08-08,-0.007918948151253602,0.002857103114767945
2003-08-11,0.010974789677871355,0.0037652265484213743
2003-08-12,0.01513143997594546,0.009122829395153742
2003-08-13,0.0003246141764834398,-0.005123149157911788
2003-08-14,0.0009713978601648687,0.002726284559406489
2003-08-15,0.00873783631177183,0.003121276948950369
2003-08-18,0.025665494116519083,0.008633671564705958
2003-08-19,0.012511700770984069,0.003781460523613722
2003-08-20,-0.0024710825036774464,-0.004065939892521353
2003-08-21,0.010839109043074835,0.0031861853868107026
2003-08-22,-0.006127470547668712,-0.009923037923752487
2003-08-25,0.0021577145366926676,0.0016033650814410993
2003-08-26,0.0009232316760885428,0.0018009856627689835
2003-08-27,0.007989806049493176,0.0003001483750149081
2003-08-28,0.008841820264472,0.006191393224615815
2003-08-29,0.00906603817384477,0.006748447742544572
2003-09-02,0.0143752658916243,0.013407112074980576
2003-09-03,-0.0005903946766671053,0.005446599759749926
2003-09-04,0.009158230415114321,0.00048448039533965925
2003-09-05,-0.006440731841405367,-0.005609048929104743
2003-09-08,0.016500230530149818,0.008266716701371468
2003-09-09,-0.011884208422527576,-0.006558723698102065
2003-09-10,-0.024053950614707276,-0.010097766295230959
2003-09-11,0.011121079666007283,0.0029427960802179687
2003-09-12,0.00535082350776217,0.0018580477919789562
2003-09-15,-0.009757352569232713,-0.003513940560397222
2003-09-16,0.027172183686107854,0.014594807359612938
2003-09-17,-0.00407007618597699,-0.0019308797684833845
2003-09-18,0.015178034760376935,0.011801310976276236
2003-09-19,-0.00575005967725295,-0.005086883239494466
2003-09-22,-0.019086332175543452,-0.01080291402036715
2003-09-23,0.017689001988483888,0.0038031226734833723
2003-09-24,-0.03765966396262799,-0.017777290199822104
2003-09-25,-0.012943931321478974,-0.0082095457923409
2003-09-26,-0.006404255904325029,-0.0032904909787537795
2003-09-29,0.01718795359070313,0.009805126051805724
2003-09-30,-0.02172567563686889,-0.00970991907135832
2003-10-01,0.022517296965440803,0.021310745553274613
2003-10-02,0.00331800329503662,0.003624729936016813
2003-10-03,0.027961174308551495,0.00917512573328838
2003-10-06,0.0073123526768208436,0.004545797954581765
2003-10-07,0.006097497589673484,0.003851036056206514
2003-10-08,-0.006348932108533822,-0.0024933869251589913
2003-10-09,0.007551279466048166,0.0026922412473142643
2003-10-10,0.009224524145635904,0.0027809535511973404
2003-10-13,0.006570235896160126,0.0031558300555603047
2003-10-14,0.0025530061430323325,0.003527287295890691
2003-10-15,-0.0042449444614368614,-0.0026599817618261357
2003-10-16,0.007958316018037648,0.004000614203556685
2003-10-17,-0.023970353748668183,-0.010910312099140618
2003-10-20,0.01242388232033731,0.0074819419251690444
2003-10-21,0.005993348670484178,-0.00171411106882835
2003-10-22,-0.019291162619321067,-0.0125878574941235
2003-10-23,-0.01157030838752482,-0.0018352342557930168
2003-10-24,0.0008781150804229032,0.0022253766609467984
2003-10-27,0.00029224945952721626,0.0004828348783152414
2003-10-28,0.03361562613490121,0.01360637092696182
2003-10-29,-0.0011305847493517929,0.0013329028442774504
2003-10-30,0.0019812599229795946,0.002091426673441976
2003-10-31,-0.005933179365748442,-0.000949215014599436
2003-11-03,0.016485492637660748,0.006552830466522774
2003-11-04,-0.006711054725206833,-0.0021697282933818007
2003-11-05,0.009009231420896269,0.0007561287306421249
2003-11-06,0.002790408848382997,0.005291424203827333
2003-11-07,-0.008625969844727077,-0.007425375364827458
2003-11-10,-0.012348551021647669,-0.0040708728836368335
2003-11-11,-0.003694483425886408,-0.0002855807645685271
2003-11-12,0.021392047441168627,0.011222512312013988
2003-11-13,-0.0011170730383153193,0.0002814005275877385
2003-11-14,-0.020408463192443382,-0.008461356560424016
2003-11-17,-0.010273295819910766,-0.005025776003983129
2003-11-18,-0.023068439233693838,-0.01038736857753808
2003-11-19,0.009740206105586235,0.008474442713095831
2003-11-20,-0.009646249645889338,-0.008976678789555437
2003-11-21,0.010330693895049148,0.00414299037231447
2003-11-24,0.02775373001441106,0.013242742174940592
2003-11-25,0.0,0.0037881602487526145
2003-11-26,0.004547664360909032,0.0035855159740687537
2003-11-28,0.0011323141821775184,0.0007523381403684581
2003-12-01,0.014697287146348659,0.010802519108597197
2003-12-02,-0.00557123599159326,-0.002508754970210525
2003-12-03,-0.012605128422556677,-0.001584432335915209
2003-12-04,0.010779822425859287,0.004106002670472231
2003-12-05,-0.01655896219590569,-0.006969458944674711
2003-12-08,0.005708622413795883,0.00673779904285432
2003-12-09,-0.02298560710235309,-0.0077155626834306545
2003-12-10,0.003775244860470428,-9.405606959578261e-05
2003-12-11,0.02141227394975398,0.01124276937120161
2003-12-12,-0.0016990481183856154,0.0019464117361960298
2003-12-15,-0.0130541849432243,-0.004993848515384869
2003-12-16,0.0020126739891610512,0.005204873745703331
2003-12-17,0.0017220276168106174,0.003143152791177828
2003-12-18,0.01861915113058621,0.011244637782487965
2003-12-19,-0.002812444005365844,-0.002784501992723065
2003-12-22,0.003102177339082468,0.006979684998726476
2003-12-23,0.007590771185761458,0.0006380577593438908
2003-12-24,0.002065494314769545,-0.0010025341806991772
2003-12-26,-0.0013922654847815519,0.0007298666249360153
2003-12-29,0.016456970211604416,0.013309561345323795
2003-12-30,0.0032936114641148873,0.00017905534639206522
2003-12-31,-0.0027357486040452406,0.0008999998545371479
2004-01-02,-0.0027423837256075334,-0.0004486610136624769
2004-01-05,0.020076870073951536,0.010877695277473176
2004-01-06,0.00674005414687473,0.0009784738827915973
2004-01-07,0.00910620631756709,0.003375945250814194
2004-01-08,0.007961189210114794,0.003984578057498522
2004-01-09,-0.006582530709203005,-0.008731118237242264
2004-01-12,0.015903150283626655,0.00738478059704617
2004-01-13,-0.009913871146621345,-0.005829683298121058
2004-01-14,0.003425051615108865,0.008351267612282998
2004-01-15,0.0026260738500740732,0.002467104258767394
2004-01-16,0.010214922355531897,0.003954911932799954
2004-01-20,-0.0007776372160892553,-0.0002627300177033831
2004-01-21,-0.004151684040870629,0.007881240719086247
2004-01-22,-0.005992933923223531,-0.00260653749029105
2004-01-23,-0.0036698764132960804,-0.0032236439734983913
2004-01-26,0.015259400633873765,0.012584463262178325
2004-01-27,-0.022026333462735415,-0.010270232277830194
2004-01-28,-0.016957803066894983,-0.011422694493942509
2004-01-29,0.0037731282836752644,0.0009704472127256558
2004-01-30,-0.004564781136106255,0.0
2004-02-02,-0.002697683643480442,0.004317377536199762
2004-02-03,-0.00108196782377179,-0.0016667396448072358
2004-02-04,-0.016247034858945297,-0.008173999068381343
2004-02-05,0.003853661009131537,0.002924143623911357
2004-02-06,0.01809722455811813,0.011221240347106143
2004-02-09,-0.0002698753363833406,0.0002624268977073907
2004-02-10,0.0016164551238595504,0.0032320493362290037
2004-02-11,0.010758509032781971,0.010622148064337367
2004-02-12,-0.008780863844083275,-0.0036183196291152964
2004-02-13,-0.008322097896153346,-0.004496273349127278
2004-02-17,0.013535395156132779,0.009033563614019524
2004-02-18,0.002937938610434898,-0.00439082695432369
2004-02-19,-0.015179651807375683,-0.00371714129791223
2004-02-20,-0.0032451478204583717,-0.0030378804230195566
2004-02-23,-0.011123143590023754,-0.0025244490959244192
2004-02-24,-0.0024690331553750555,-0.001745123990903319
2004-02-25,0.006050782041090441,0.004195882018854569
2004-02-26,0.0024598244463305274,0.000609721942457675
2004-02-27,-0.002727049408514426,0.0006962856057424194
2004-03-01,0.013125445596047891,0.009911048333672845
2004-03-02,-0.01160567683448488,-0.005853980552632088
2004-03-03,-0.005461606608333058,0.0018185026517787417
2004-03-04,0.009335613534083631,0.0025927458832446515
2004-03-05,-0.0035362991943754807,0.0033627694759528204
2004-03-08,-0.02347847551855664,-0.012201084787916039
2004-03-09,-0.0030752309193524674,-0.004001738400821964
2004-03-10,-0.013179710418327995,-0.01676871454181461
2004-03-11,-0.009093122682717336,-0.012968258017275858
2004-03-12,0.018353067695989544,0.013138643334028366
2004-03-15,-0.017459522772704017,-0.012257786608619536
2004-03-16,0.0017194461858982546,0.005305945804889189
2004-03-17,0.01573717086070303,0.011181473099094896
2004-03-18,-0.004507209544600932,0.0002646783024289334
2004-03-19,-0.016694600278032934,-0.01433247098963697
2004-03-22,-0.012662044624841107,-0.01269630578765013
2004-03-23,-0.008160825660237458,-0.0017323382545555432
2004-03-24,0.011460775657053723,0.0008223982584507628
2004-03-25,0.026728081608275556,0.013235721389845745
2004-03-26,-0.0033955521145049294,0.00026994922714451697
2004-03-29,0.016184452597194365,0.014050263774866512
2004-03-30,0.0033524140108527334,0.0033751252725526815
2004-03-31,-0.0019493982732441406,0.0011505362154990983
2004-04-01,0.008928525722676994,0.006013042678170377
2004-04-02,0.025996249803078575,0.007557830015902489
2004-04-05,0.009433553331747557,0.005495867154492018
2004-04-06,-0.01254987516956696,-0.003210269987840353
2004-04-07,-0.0010816138568093825,-0.0023493834796963764
2004-04-08,0.0,-0.002268552420532366
2004-04-12,0.006225507959779053,0.0039348577426232545
2004-04-13,-0.014527189189344036,-0.01402230270384297
2004-04-14,0.00491380041706635,0.0015902129353995154
2004-04-15,-0.017929639595679614,-0.0037919138662668717
2004-04-16,-0.0016602039825973636,0.007701863480630511
2004-04-19,0.01219229313670045,0.0
2004-04-20,-0.023268807504927658,-0.016779564979035544
2004-04-21,0.008688734880969662,0.006701072175662182
2004-04-22,0.025840351564065944,0.014023422433940835
2004-04-23,0.00785433655377532,0.0009626311892303452
2004-04-26,-0.0072556319167453864,-0.0013989723622933603
2004-04-27,-0.0018949810747157514,0.0008758598450870902
2004-04-28,-0.01817186607785437,-0.012948542011230302
2004-04-29,-0.015469995177123663,-0.008775125994104238
2004-04-30,-0.02441061028591185,-0.007779792488770809
2004-05-03,0.009490762741614978,0.010724574562481548
2004-05-04,0.004273671391342715,-0.0008021594563668577
2004-05-05,0.007943139057976945,0.0064252010629672895
2004-05-06,-0.00759940677108184,-0.008600736701484868
2004-05-07,-0.008224177721945058,-0.016546103896037057
2004-05-10,-0.008578985255767835,-0.01027678411592714
2004-05-11,0.014998494120536998,0.008453842609575268
2004-05-12,0.0019890260498562906,0.006377827823402349
2004-05-13,-0.007089737497855242,-0.004164142288723194
2004-05-14,-0.007426448791216678,0.0004541163992746178
2004-05-17,-0.009496223860876452,-0.00854259339577812
2004-05-18,0.009005414606790607,0.005041203912678149
2004-05-19,-0.0011517528262782184,-0.0034652014282841037
2004-05-20,0.004612715322022565,0.00320313299170083
2004-05-21,0.004878417500117083,0.0017334416782512907
2004-05-24,0.006852768255911856,0.004189038870318074
2004-05-25,0.019852125781027796,0.014328424646844695
2004-05-26,0.006396433905111909,0.0034864782668879712
2004-05-27,0.0063554040586839555,0.00561348499954506
2004-05-28,0.0035692505251787576,-8.862821473609728e-05
2004-06-01,-0.0013677537202981815,-0.0013295410558912257
2004-06-02,-0.002191800407654987,0.00372634331178312
2004-06-03,-0.012081382220578751,-0.009193306392160427
2004-06-04,0.005836628784869458,0.007940548227387323
2004-06-07,0.023763371805814115,0.015223918432988759
2004-06-08,0.001350212435623943,0.0013946245533407176
2004-06-09,-0.014016229543346581,-0.009315517102451154
2004-06-10,0.007106902548759786,0.004921234053612444
2004-06-14,-0.014114424057632968,-0.00988164873336006
2004-06-15,0.012940016371541851,0.007065697853825048
2004-06-16,-0.001630769683518718,-0.0001755696852637767
2004-06-17,-0.009257253371315222,-0.0014907362902346621
2004-06-18,0.001374514877102273,0.0018865545143464946
2004-06-21,-0.007957924219214041,-0.0037840721942309363
2004-06-22,0.014660822337622559,0.005035278664313747
2004-06-23,0.011995436602584508,0.008614353148758358
2004-06-24,-0.0018857321032710317,-0.0031377230737491546
2004-06-25,0.007557912840320924,-0.00480813049622919
2004-06-28,-0.008304747985171335,-0.003425668504584478
2004-06-29,0.009454434033197012,0.004143009238061435
2004-06-30,0.009901138925545006,0.005354427521165439
2004-07-01,-0.018548122249440357,-0.013882998416808068
2004-07-02,-0.0059388440565145695,-0.0005312335036814497
2004-07-06,-0.02145664563798888,-0.008770468974603207
2004-07-07,0.0019432204451610424,0.002949459409286037
2004-07-08,-0.011080680712334812,-0.006950446233284113
2004-07-09,0.0014005730199451172,0.002601965641414683
2004-07-12,-0.004195905833446978,0.0004474717537945594
2004-07-13,-0.0014039983444946724,0.0007164144064348843
2004-07-14,-0.01012673438508671,-0.00304006936308554
2004-07-15,-0.0034102186969606763,-0.006456384385661762
2004-07-16,-0.011405540110564494,-0.000812085488327341
2004-07-19,-0.0020188584453705305,-0.004245131918593215
2004-07-20,0.023988057425328835,0.012699277073736415
2004-07-21,-0.029071670462806898,-0.01845225858476518
2004-07-22,0.013663575980682463,0.0027378219154496897
2004-07-23,-0.01892793063502418,-0.008372875361869814
2004-07-26,-0.004384325066264072,-0.001927075147930668
2004-07-27,0.013799097713960373,0.009379025567674226
2004-07-28,-0.004344283339527744,0.003006422855208246
2004-07-29,0.011634709684679168,0.004268860497185001
2004-07-30,0.0031627002989795816,0.002442050064827006
2004-08-02,0.0020059989105283282,0.002074856037524775
2004-08-03,-0.02088081158962818,-0.00774278505231496
2004-08-04,0.00029247489877182176,-9.085351727999846e-05
2004-08-05,-0.01869188430271218,-0.016333782646358985
2004-08-06,-0.026190443126744567,-0.01429912773860642
2004-08-09,0.002445217451499504,0.001404262207377327
2004-08-10,0.012499695291916524,0.012897193977579269
2004-08-11,-0.008732184146835409,-0.0020301981390414836
2004-08-12,-0.013669417677797946,-0.010909912260051335
2004-08-13,0.001540036126009392,0.0019634923790035064
2004-08-16,0.011377434231902628,0.010354957406566445
2004-08-17,0.011249582151293902,0.005632816847933375
2004-08-18,0.01773911600929945,0.010283152118280459
2004-08-19,-0.00531749068880405,-0.0029080046066078946
2004-08-20,0.010097492965942312,0.007018300250311471
2004-08-23,0.0023526041079764415,-0.0025341526643745116
2004-08-24,-0.0002931444398798222,0.0013615735468803791
2004-08-25,0.013790668188469413,0.006796012465540624
2004-08-26,-0.004341704686985137,0.0
2004-08-27,0.004651996097569722,0.00315016784239619
2004-08-30,-0.016782745911338548,-0.008254311884080878
2004-08-31,0.0011767734490473192,0.005247191098681769
2004-09-01,0.007348952295426647,0.001890714903088453
2004-09-02,0.014881754355283494,0.01131762641107148
2004-09-03,-0.018401804778865993,-0.00408527245982937
2004-09-07,0.008494779524449214,0.006599932504061545
2004-09-08,-0.003775613609576567,-0.0024815242400344495
2004-09-09,0.00845508341766088,-0.0008876774718196145
2004-09-10,0.015322086044236904,0.005156019977589077
2004-09-13,0.013098001121290892,0.0032727853004757
2004-09-14,0.0014049142524219516,0.0020278850114878733
2004-09-15,-0.010664758865594925,-0.007566448485817223
2004-09-16,0.0019857687004838365,0.00301433050036759
2004-09-17,0.0031141536329901687,0.004251275783167419
2004-09-20,0.0,-0.006009628852194471
2004-09-21,0.003952128485218642,0.004356468986271178
2004-09-22,-0.017431264750996323,-0.012482262991963422
2004-09-23,-0.0008583769980109457,-0.0053788643020183935
2004-09-24,-0.0034361983151367514,0.004596826921106967
2004-09-27,-0.008620571825341483,-0.00636964867581058
2004-09-28,0.0020288721845975743,0.004784990994365579
2004-09-29,0.014752677113959889,0.005032461733829763
2004-09-30,0.0017105853355321443,-0.0007153086780607998
2004-10-01,0.027319275908598062,0.01691121319244071
2004-10-04,0.005817100127305741,0.0016717517373292523
2004-10-05,0.001377230459287393,0.000526956028268577
2004-10-06,0.00797536828619494,0.006848625461395308
2004-10-07,-0.011186510356577584,-0.010726157250307788
2004-10-08,-0.018212016246931806,-0.008285201080208249
2004-10-11,0.004777625163351784,0.004088125401259468
2004-10-12,-0.00167802020352803,-0.0038948466230995793
2004-10-13,-0.0022414170822915302,-0.008797315220702262
2004-10-14,-0.00449322266999741,-0.008069173826704135
2004-10-15,0.005077235457305429,0.005604080064303796
2004-10-18,0.01431391155310302,0.0037750500523674457
2004-10-19,-0.007194121511443052,-0.008416917495860377
2004-10-20,0.004737994652948219,-0.0019867413738633433
2004-10-21,0.015256472869042526,0.006514461382898462
2004-10-22,-0.021857502131661932,-0.011236111959642914
2004-10-25,-0.004749150362492571,-0.0011824978275354336
2004-10-26,0.0053325065743297095,0.015292108349676425
2004-10-27,0.02540503632642288,0.012013953061612348
2004-10-28,0.006261597620988768,0.00301225422539253
2004-10-29,-0.001622778913287215,-0.00017715183233613097
2004-11-01,0.0037938254793628,0.0027388732014919093
2004-11-02,0.003239892046811743,0.0003520903895222194
2004-11-03,0.006727235578992019,0.012593438596688822
2004-11-04,0.005614008362494927,0.013654719329481813
2004-11-05,0.009037222156595526,0.006263268161762703
2004-11-08,0.0010539294688893808,-0.001449768247445804
2004-11-09,-0.0021050436825175156,-0.001964017812608687
2004-11-10,-0.0034287182661228988,0.0007705594496143497
2004-11-11,0.013231195559421094,0.00760865213447115
2004-11-12,0.009663362335211811,0.007890583903208848
2004-11-15,0.004397172760636225,0.0024571040441352388
2004-11-16,-0.006180726548903226,-0.007159202893031957
2004-11-17,0.013475465116784102,0.005938191451365427
2004-11-18,0.00460174715583328,0.0013495410148776088
2004-11-19,-0.015525892494675286,-0.011116694117603076
2004-11-22,0.00956581519301336,0.004769182081345136
2004-11-23,-0.0015360418217286176,0.0015258096096177898
2004-11-24,0.008720028785982326,0.002369801397573701
2004-11-26,-0.003051133261614214,-0.0007603743064636959
2004-11-29,-0.0002549814973780151,-0.004562253367490943
2004-11-30,-0.002041181173983664,0.0006786970987704422
2004-12-01,0.020449971397669575,0.011366576112734394
2004-12-02,0.003757379350743051,0.0008384348947854114
2004-12-03,0.0014979588191337267,-0.0006705295761663121
2004-12-06,0.0034885794852923535,-0.00033482124737815866
2004-12-07,-0.017134663228312363,-0.009311836074083923
2004-12-08,0.005811583910415363,0.00584265862085287
2004-12-09,0.006028005064188768,0.0035360428742801098
2004-12-10,-0.0029960560826227667,0.0010061376113861265
2004-12-13,0.008765361675826533,0.008715548393654071
2004-12-14,0.004965063041725282,0.0034891546130040307
2004-12-15,-0.0037053997379999926,0.0007453928199419035
2004-12-16,-0.009422351500381843,-0.0005791192601292128
2004-12-17,-0.0025521375612010955,-0.006670093560227297
2004-12-20,-0.006840545110912144,0.0002511034649714805
2004-12-21,0.012244220973345099,0.007700850131426185
2004-12-22,0.001260520688789013,0.00240864986150946
2004-12-23,0.0007548859211967685,0.000745476189000227
2004-12-27,-0.004275588697531085,-0.002069860756954811
2004-12-28,0.00959842305144809,0.005476654293909755
2004-12-29,0.0012514868984543348,0.0014855484533207175
2004-12-30,-0.0007502002477420833,-0.0018954162476605418
2004-12-31,-0.0017503975702686247,-0.0021464285751047196
2005-01-03,-0.010520801006130287,-0.004716020807507659
2005-01-04,-0.018227750551768285,-0.012219503322274616
2005-01-05,-0.0061885305129786294,-0.006900159304884745
2005-01-06,-0.004930076622553514,0.005084075697518786
2005-01-07,0.005214834935907353,-0.001433067820154399
2005-01-10,-0.0005190109436932211,0.004728082388163468
2005-01-11,-0.007007549422479498,-0.00689077562469087
2005-01-12,0.008364540176051483,0.0032996273184933145
2005-01-13,-0.013220003510105993,-0.008012154407550098
2005-01-14,0.009456217406959677,0.00527141052175506
2005-01-18,0.007546299620705854,0.010402506993161253
2005-01-19,-0.01652882888917273,-0.010462864090450497
2005-01-20,-0.019169702336449435,-0.006090017550579585
2005-01-21,-0.008032703863491086,-0.006127911913340278
2005-01-24,-0.014034559090502774,-0.001969170943896592
2005-01-25,0.004927245029640703,0.0028311139530416973
2005-01-26,0.011985906109627908,0.0029945781639304503
2005-01-27,-0.001345579002082986,0.0017060647241025073
2005-01-28,-0.004851844931088367,0.0
2005-01-31,0.013000847463909837,0.006216506308782899
2005-02-01,0.003208738614796758,0.006346740256954586
2005-02-02,0.0015985800179769694,0.0030279124628742604
2005-02-03,-0.011441866862770267,-0.0025997646374799066
2005-02-04,0.016150027982318127,0.010676756420951339
2005-02-07,-0.002118614100218408,-0.001330701281932467
2005-02-08,0.0018584378282744396,0.001165950506906599
2005-02-09,-0.016693308920349703,-0.007487111549042136
2005-02-10,0.001077937935562101,0.0036039259279456726
2005-02-11,0.014804630154195308,0.008601607200938721
2005-02-14,0.0045096899418559655,-0.0007449208682303032
2005-02-15,0.006601224342099199,0.0037290715801785446
2005-02-16,-0.0036727631804608363,0.0006604539577594881
2005-02-17,-0.013427735211462677,-0.00808498728263618
2005-02-18,-0.0032025042354474342,0.0013306070062482078
2005-02-22,-0.012316087771016782,-0.014868420569491336
2005-02-23,0.0013555491184187307,0.0071671862087407945
2005-02-24,0.012722750316548792,0.006613164421759965
2005-02-25,0.005614063537415337,0.009897562854529696
2005-02-28,-0.010632886782781514,-0.006588780423147034
2005-03-01,0.011015516636627254,0.004974219340352581
2005-03-02,-0.0005311037627581117,-0.0004951655906288988
2005-03-03,-0.008242984890754146,0.0004128112360988201
2005-03-04,0.005898520143061914,0.01245664956352921
2005-03-07,0.014391764640036664,0.0004891137556133351
2005-03-08,-0.009983451104362051,-0.0037461311655460072
2005-03-09,-0.0029194556065551547,-0.011117668157429539
2005-03-10,-0.0013309542406848562,0.0022317224665995283
2005-03-11,-0.009329215876589192,-0.007010747275784879
2005-03-14,0.004573874243748666,0.006230214880415419
2005-03-15,-0.008034078712028658,-0.008255550702523262
2005-03-16,-0.011338952434935323,-0.008489661291912753
2005-03-17,0.002457660118869498,0.00201450891742061
2005-03-18,-0.005448111361119667,-0.00296882407103527
2005-03-21,0.0019176686183581815,-0.0037121985559047666
2005-03-22,-0.012301978587286877,-0.01016080581297063
2005-03-23,0.0035974837112242586,0.0008551358858635005
2005-03-24,0.0002759564924270652,0.0011968814497753666
2005-03-28,0.001929863541902943,0.0014515429004660074
2005-03-29,-0.007979996082142171,-0.006649325370850945
2005-03-30,0.018862709783257436,0.014159871308777161
2005-03-31,-0.004356116493681728,-0.001862374054016902
2005-04-01,-0.010117209372406233,-0.00449233718400377
2005-04-04,0.007181922048237865,0.0017029367582821475
2005-04-05,0.0027433191207717478,0.004760827015766411
2005-04-06,-0.0016415988046907248,0.003468705940838257
2005-04-07,0.012055112598552853,0.005396078625500733
2005-04-08,-0.008121252066191964,-0.01039932818004985
2005-04-11,-0.0043674881845382485,0.0007627734411703724
2005-04-12,0.0049343088462086016,0.005166117140085635
2005-04-13,-0.01636614105283518,-0.011794253776630459
2005-04-14,-0.014143181852259601,-0.013044135707137583
2005-04-15,-0.02278506368238531,-0.013992829796262374
2005-04-18,0.00028822424737651176,0.003065771359092473
2005-04-19,0.006906220918754036,0.007948161480451521
2005-04-20,-0.008287817108902473,-0.013950575350442196
2005-04-21,0.02651259665313388,0.01941962084429716
2005-04-22,-0.014878902170468722,-0.0037927688925798453
2005-04-25,0.008264259903515647,0.006576523030042303
2005-04-26,-0.009327802402297358,-0.009714244562925023
2005-04-27,0.0014269034281719772,0.003906663467712956
2005-04-28,-0.009971215600603767,-0.012537589582627406
2005-04-29,0.006618144282879657,0.01357252541134879
2005-05-02,0.004002644527683952,0.0056155570761178275
2005-05-03,0.005124809879027303,0.0017183940523157748
2005-05-04,0.012181525545326144,0.007718539775287692
2005-05-05,0.0008396471698610686,-0.00034073043149385196
2005-05-06,0.0027964549335850464,-0.003149610689009874
2005-05-09,0.004740584803926806,0.006234462899034954
2005-05-10,-0.007216310093730471,-0.010354661159513112
2005-05-11,0.0050326890524603485,0.005488633958282696
2005-05-12,-0.002781549423691687,-0.011003344079005939
2005-05-13,0.01087862044934318,-0.0019831026334972135
2005-05-16,0.006621901578548917,0.00933264386207977
2005-05-17,0.006031170426028742,0.006678360499616565
2005-05-18,0.013623896914646938,0.010290334047682537
2005-05-19,0.008333114206442671,0.004209267916999382
2005-05-20,0.003999192063078416,-0.0014248134085030895
2005-05-23,0.0050452788307391305,0.0055402851418031585
2005-05-24,0.0031699967043414823,-0.00233745087776005
2005-05-25,-0.004213739411586759,-0.0007533874801060048
2005-05-26,0.010050290615602808,0.005360137614371041
2005-05-27,0.0005241383880436601,0.0016653952995562271
2005-05-31,-0.003402824848407149,-0.006403008125630993
2005-06-01,0.008140838581315535,0.008537175276399411
2005-06-02,0.007033219907750299,0.002157453638779838
2005-06-03,-0.014485500397696915,-0.005051612348892731
2005-06-06,0.00026286495477823024,-0.0009148860874731435
2005-06-07,-0.00839722302939594,0.000749339777762037
2005-06-08,-0.002116727167202348,-0.0018314861673310867
2005-06-09,0.006364722517017585,0.004753916621298426
2005-06-10,-0.010540427001569097,-0.002324056941269248
2005-06-13,0.004793224098044169,0.0031613172593587535
2005-06-14,-0.003975576410414461,0.0023222234092965532
2005-06-15,0.003193370684248187,0.001902724161420677
2005-06-16,0.005304985486629832,0.002560181705954845
2005-06-17,0.00013236283043349673,0.003705471427144502
2005-06-20,0.0,0.00032930821831556045
2005-06-21,-0.000527960729191923,0.0005764238655967535
2005-06-22,-0.0010571898741913444,0.0008234511481011175
2005-06-23,-0.011108269509943591,-0.014066237948724969
2005-06-24,-0.011232749507000261,-0.00734136084855852
2005-06-27,-0.0045985517717674895,0.0014285482056337617
2005-06-28,0.00951106553462866,0.008392486560932166
2005-06-29,-0.002153315665071265,-0.002662963681192343
2005-06-30,-0.007823724901117268,-0.005424511547626576
2005-07-01,-0.0013589580529340672,0.0029366547234153106
2005-07-05,0.010345833875442967,0.008031833436849434
2005-07-06,-0.004850348774160906,-0.00838258459929786
2005-07-07,0.0035198842231036753,0.003933503332757882
2005-07-08,0.019158368674533133,0.011421470173980763
2005-07-11,0.009266505960032312,0.005110596583852045
2005-07-12,0.00472189650141952,0.0026244255178742293
2005-07-13,0.002350086586141664,0.0013902230574496244
2005-07-14,0.009897948209355523,0.003920377836138522
2005-07-15,0.0030956176058916096,-0.000569250899850049
2005-07-18,-0.004114637169000512,-0.003989131386024747
2005-07-19,0.011619513875449128,0.00547610808654686
2005-07-20,0.007146373070926693,0.0034138222185373657
2005-07-21,0.0002531163530887781,-0.0058322258948571015
2005-07-22,-0.001266283711155114,0.006681686923671437
2005-07-25,-0.0038052597671764943,-0.0028327405128315553
2005-07-26,0.003819795079712085,0.001217519575429149
2005-07-27,0.00761006464540559,0.0036481170723381418
2005-07-28,0.004784164099683963,0.006300999635551419
2005-07-29,-0.00826966136645424,-0.006662709193614336
2005-08-01,0.0017691617661717007,-0.0007273739800043311
2005-08-02,0.010844848756198733,0.005984468483163363
2005-08-03,-0.0004991846724915483,0.0026530114667915328
2005-08-04,-0.009735661443965093,-0.0080180389421588
2005-08-05,-0.004789517417387534,-0.006789377421052789
2005-08-08,-0.007345401825466724,-0.0018717017239733291
2005-08-09,0.0066346032307085245,0.006033811568972647
2005-08-10,-0.008618137748159227,-0.0004867469673094371
2005-08-11,0.008181490462454644,0.0039730089958465165
2005-08-12,-0.005579505710935351,-0.006137908361395938
2005-08-15,0.006121072103412173,0.006175814947601221
2005-08-16,-0.01622321249493608,-0.013002539260454027
2005-08-17,0.005926457270643892,-8.170845759825074e-05
2005-08-18,-0.005122759869080951,-8.20832206069877e-05
2005-08-19,-0.0005154677847062361,0.0022916166641879787
2005-08-22,0.0005157336287773262,0.0
2005-08-23,-0.002832764406637822,-0.0018780594560899866
2005-08-24,-0.005938353354711268,-0.008917375575808961
2005-08-25,0.0023378785225371956,0.003632384900996266
2005-08-26,-0.003369110822859067,-0.006826186661477718
2005-08-29,0.007800607142574023,0.0077012098562225795
2005-08-30,-0.0036120218914202917,-0.005259449447012066
2005-08-31,0.009321643659814027,0.012639310029430417
2005-09-01,-0.001539354692392414,-0.0007342574972424298
2005-09-02,-0.0038542623047687075,-0.0017958644991684647
2005-09-06,0.014702449194095246,0.011695499833444423
2005-09-07,0.0017789285564924207,0.0016973003733498082
2005-09-08,-0.00025309636385273393,-0.003308805879546628
2005-09-09,0.005583410789049337,0.008906981311656015
2005-09-12,0.0027764309996700653,-0.002006417974443786
2005-09-13,-0.0025167833511593463,-0.005548908408421593
2005-09-14,-0.01135494928959735,-0.0036394967649826526
2005-09-15,-0.000510536947108009,-0.0004860896316059016
2005-09-16,0.006128771397525101,0.007110532154450899
2005-09-19,-0.007867998848091529,-0.0033196813018909754
2005-09-20,-0.004093240373396423,-0.008449380946983442
2005-09-21,-0.011045767815708096,-0.009340106254419722
2005-09-22,0.003636881052541341,0.0035562836692113464
2005-09-23,0.002846614401390779,0.000824161297529491
2005-09-26,0.0002578697712536382,0.0011529309840243585
2005-09-27,-0.002321733187587882,-0.00024691685487054915
2005-09-28,0.0002581713791927065,0.0009872665006944725
2005-09-29,0.01344393088773188,0.008136800288460977
2005-09-30,0.00663268025101682,0.0030979456939321803
2005-10-03,0.0025342309193667756,-0.0035759879697409014
2005-10-04,-0.00657266184702443,-0.011256007170701854
2005-10-05,-0.013740246768923159,-0.013116774477459181
2005-10-06,-0.013157683203126713,-0.0035942412392944156
2005-10-07,0.0023536267322865623,0.003439715549229616
2005-10-10,-0.005478315794101518,-0.00844422575827275
2005-10-11,-0.004982956508734926,-0.0014334710534298356
2005-10-12,-0.01186092510997605,-0.007853003661860813
2005-10-13,0.007735720037783889,-0.0005954143943145418
2005-10-14,0.007411076163441166,0.01055945466910213
2005-10-17,0.0031531294898525797,0.0037077666553688715
2005-10-18,-0.007071948119164784,-0.010830172527494963
2005-10-19,0.02004784948131144,0.016635248711879713
2005-10-20,-0.009310051769911398,-0.017615621651854485
2005-10-21,0.006264989917788233,0.003909611792725309
2005-10-24,0.015823761120549173,0.015491003100437606
2005-10-25,-0.0038300671432280886,-0.0020000507783461963
2005-10-26,-0.005127501479849417,-0.0029239227329427298
2005-10-27,-0.020097998447549337,-0.010639236909128158
2005-10-28,0.007626054337906307,0.014394641797442542
2005-10-31,0.0143525136932936,0.0027542912892033478
2005-11-01,-0.0007715671174010064,0.0029970893167849955
2005-11-02,0.013130231793143432,0.01045679487216411
2005-11-03,0.014993959147775682,0.0042712812666581
2005-11-04,0.0035054192517791627,-0.0013082985470248554
2005-11-07,0.0012475702077012762,0.0009825551753102069
2005-11-08,0.0002487786443139406,0.0
2005-11-09,0.000498326997216969,0.0013090013654324384
2005-11-10,0.010956617136366198,0.007762406767863661
2005-11-11,0.002709191641520947,0.0034050564639105385
2005-11-14,0.0,-0.0005655684872585276
2005-11-15,-0.0046677102980340335,-0.0036384885679381362
2005-11-16,0.006170229337680855,0.002028229118748337
2005-11-17,0.013245045491805829,0.00931325416131834
2005-11-18,0.0033891657818727605,0.003931386652654467
2005-11-21,0.0024127794139483516,0.005034564814082376
2005-11-22,0.0036097565817609922,0.004293571600350488
2005-11-23,0.0023975620593059688,0.005780167457028584
2005-11-25,0.0021534169339714193,0.0007874211477010284
2005-11-28,-0.008355227180546931,-0.007079893259920866
2005-11-29,-0.00481456588291973,-0.0011090926525694211
2005-11-30,-0.00241898325493628,-0.00539283787225564
2005-12-01,0.01867113017722155,0.010206832191825166
2005-12-02,0.0023808309335788813,0.0012627422108284492
2005-12-05,-0.007362396335558241,-0.002128868720380206
2005-12-06,0.0033498669222868926,0.0018965122980494353
2005-12-07,-0.001907757651499864,-0.005834958079173447
2005-12-08,-0.007166587524596646,-0.0006344702049452255
2005-12-09,0.0038498632090995244,0.002618584574434202
2005-12-12,0.003595371362319133,0.000950176872943187
2005-12-13,0.0040604419547596304,0.006800863910994881
2005-12-14,-0.003330634048903214,0.003927656051458506
2005-12-15,0.0016705611476308668,-0.0028948807752949834
2005-12-16,-0.006902136191871633,-0.0032186288247576522
2005-12-19,-0.015873205374961508,-0.005143851548206291
2005-12-20,0.0007332262073340701,0.0009547009252048877
2005-12-21,0.0043954786242439425,0.0015894440238817253
2005-12-22,0.006564473144842875,0.005236770909522903
2005-12-23,0.0,0.000552476376008082
2005-12-27,-0.00869497303912381,-0.010176770388293122
2005-12-28,-0.0012189419614286878,0.002231571183951564
2005-12-29,-0.006586784861916106,-0.004453381874882756
2005-12-30,-0.007613077857364314,-0.005431436027484637
2006-01-03,0.02227174302069934,0.017589087358776068
2006-01-04,0.010409345709404771,0.004735237590880237
2006-01-05,0.004312500154017851,0.0006284011050479155
2006-01-06,0.018129140159104606,0.008321566591944718
2006-01-09,0.003983122366406189,0.002569515898175112
2006-01-10,0.0007004099866712021,0.001009343062031487
2006-01-11,0.007695571304937809,0.003180601441985509
2006-01-12,-0.004859227808154953,-0.003943679732962613
2006-01-13,-0.0004657268026606598,-0.0009317969594103692
2006-01-17,-0.0065141607689258585,-0.0027200089882171152
2006-01-18,-0.011475706525222673,-0.0039739689670049705
2006-01-19,0.007343597332860385,0.0038334068365195595
2006-01-20,-0.029867461640192494,-0.01823730581498595
2006-01-23,0.00024230883567510908,0.0035722761449656915
2006-01-24,0.004362561851012137,0.0010283703158688873
2006-01-25,-0.004343612572507705,0.0008694145199970027
2006-01-26,0.007028939190446559,0.005526776611836537
2006-01-27,0.01347756125650501,0.009264416700665024
2006-01-30,0.001898987985218481,-0.0007775342260636364
2006-01-31,-0.004503310331654298,-0.0073184807856492284
2006-02-01,0.0035723925926358646,0.006979929960462039
2006-02-02,-0.01708241313143799,-0.011604719480462267
2006-02-03,-0.012309999996761634,-0.004964673342522485
2006-02-06,-0.0026879860738386885,0.002613585652685879
2006-02-07,-0.004410995358219649,-0.008846697768340794
2006-02-08,0.011567808745855501,0.009084728575259549
2006-02-09,-0.009488672796878372,-0.0016582579415785892
2006-02-10,0.0061412599645525034,0.0018196151713487652
2006-02-13,-0.011474822036916521,-0.00181631018577888
2006-02-14,0.010125665119438576,0.0106001328915597
2006-02-15,0.006357005482805045,0.003522589009630428
2006-02-16,0.009232217821668165,0.007488309751848998
2006-02-17,-0.007944354208471949,-0.0027097284269501642
2006-02-21,-0.011162131597404534,-0.0024843976094579556
2006-02-22,0.012515529040952877,0.0060705576523536475
2006-02-23,-0.0026657270034980973,-0.0014698593953129668
2006-02-24,0.0026728520975107806,0.0025566035106443508
2006-02-27,0.011148600569195644,0.000386626742779006
2006-02-28,-0.014861090178454828,-0.009501474369679297
2006-03-01,0.013625134803613603,0.00889042499725079
2006-03-02,0.0007202022363090865,-7.748701683507608e-05
2006-03-03,-0.005756291361175503,-0.004638043442415696
2006-03-06,-0.008685667898115423,-0.004581887517589589
2006-03-07,-0.005840889579259212,-0.0015604257400376742
2006-03-08,0.0004902391180161558,0.0021099888938791445
2006-03-09,-0.008564366684626679,-0.006706445236603353
2006-03-10,0.000987470045895833,0.009499406620457895
2006-03-13,0.002958936432373438,0.0018662907406565843
2006-03-14,0.016961381377571527,0.010478826937161179
2006-03-15,0.008460102629051836,0.004455416021786451
2006-03-16,-0.008389129730562939,0.002064713024566567
2006-03-17,0.002636694691164232,0.0008350982689817599
2006-03-20,0.002413048944106544,-0.0016075647869333576
2006-03-21,-0.010590415417522925,-0.006287823968151862
2006-03-22,0.0024324631646415185,0.006096121264939969
2006-03-23,-0.002911959530139119,-0.0020712081727163323
2006-03-24,0.005110811654447378,0.000768775766373242
2006-03-27,0.00024217054931274795,-0.0014589213899278697
2006-03-28,-0.004115361676582885,-0.0061532659307503845
2006-03-29,0.018960052437544173,0.006268804438646081
2006-03-30,0.0031011208021358705,-0.0017688616864831586
2006-03-31,-0.0028536824310896325,0.0002311150617959612
2006-04-03,0.0011925526478047122,-0.0007701770492879456
2006-04-04,0.005478633075511885,0.006397405188920846
2006-04-05,0.009476288527067389,0.0034469722429724126
2006-04-06,0.0028163882267358,-0.0010687734230828694
2006-04-07,-0.009595033365912276,-0.010162388143411416
2006-04-10,-0.0014176850855199818,0.001543716730335154
2006-04-11,-0.008045588531083947,-0.008478509781185695
2006-04-12,0.00023858875709659166,0.0018658520104672949
2006-04-13,0.004054188722602214,-0.0013193738694248225
2006-04-17,-0.010451536569497377,-0.00038831028310271076
2006-04-18,0.019203226784023864,0.015855767358607498
2006-04-19,0.0044752192587991235,0.0019123291029343736
2006-04-20,-0.00351736563061833,0.001374936872275745
2006-04-21,-0.011765060928893512,0.0001523729914854055
2006-04-24,-0.0009518992923321923,-0.0018295507982459824
2006-04-25,-0.0021449324200906172,-0.004125305628807419
2006-04-26,-0.00023898042986159052,0.00022984935548997498
2006-04-27,0.009556057402749563,0.004831767835563383
2006-04-28,-0.009702061221386393,0.003357981106572483
2006-05-01,-0.00979679305649539,-0.008139183995582222
2006-05-02,0.002654875559583214,0.007515733533346891
2006-05-03,-0.0014441720017781545,-0.0037297076602645918
2006-05-04,0.008194579414649406,0.0035909333129457988
2006-05-05,0.00788887203232469,0.008830350765636208
2006-05-08,0.0009488162851685189,-0.0012073703336835662
2006-05-09,-0.003791349842753422,0.0019647885352438443
2006-05-10,-0.008801521418601688,-0.0005279410124839901
2006-05-11,-0.0223180205859711,-0.012071385263544121
2006-05-12,-0.013500486391353483,-0.013058130202768692
2006-05-15,-0.0007463546269761423,0.0020119629300250352
2006-05-16,-0.007469899843451144,-0.0014673481622766715
2006-05-17,-0.013547956348127443,-0.019024025299361758
2006-05-18,-0.0068666143539347635,-0.005045438154791193
2006-05-19,0.007682462929246681,0.007051649214447897
2006-05-22,-0.009656809556117696,-0.007631700115873885
2006-05-23,-0.00975097284385773,-0.007611316147349223
2006-05-24,0.006737560891550531,0.007989481017437683
2006-05-25,0.01312738239288791,0.012364102108216146
2006-05-26,0.003302593001595744,0.005089283069808603
2006-05-30,-0.02152390184745867,-0.017760320406311703
2006-05-31,0.004657991965270281,0.011181486867128498
2006-06-01,0.02369933352819542,0.00956811660277479
2006-06-02,-0.002516544271240706,0.002097583887411769
2006-06-05,-0.02169487512648005,-0.01457348919462842
2006-06-06,-0.0007737214063613385,-0.0024389449926528473
2006-06-07,-0.0074846369919919775,-0.007491587919008502
2006-06-08,-0.001558808867838768,-0.0008739797839617536
2006-06-09,-0.0065113648332298935,-0.003180663766379821
2006-06-12,-0.019658958883466693,-0.010849665832912136
2006-06-13,-0.0040104574807264814,-0.011613440893792792
2006-06-14,0.010201155139536011,0.007751367447714985
2006-06-15,0.02710596835329082,0.021214824056163373
2006-06-16,-0.007352993889078396,-0.007287148814291267
2006-06-19,-0.008085748185933883,-0.007862206734558175
2006-06-20,0.001315022600703264,0.003396410333311284
2006-06-21,0.015756615060960044,0.0074138227993898465
2006-06-22,-0.012668410269862873,-0.004399777130736693
2006-06-23,-0.001047680514393745,-0.00016089740460856206
2006-06-26,0.0026221238465651275,0.004420464437238536
2006-06-27,-0.018823635730382482,-0.008640832715405056
2006-06-28,0.0074601130101630275,0.006778770217375163
2006-06-29,0.030415241437611318,0.020200180533463508
2006-06-30,-0.004876609469118831,7.906303276428162e-05
2006-07-03,0.005932514408818479,0.00408535251384512
2006-07-05,-0.02179534878501277,-0.005711883039884347
2006-07-06,-0.0010480769140719381,0.0029120286750639046
2006-07-07,-0.011021099663098721,-0.006513430749501725
2006-07-10,-0.0087551568184705,0.0018957137589123985
2006-07-11,0.007494001051590482,0.004414933573983815
2006-07-12,-0.01886252145349232,-0.010674431697109021
2006-07-13,-0.016788385296922392,-0.01626322741064823
2006-07-14,-0.01019001234146677,-0.0038710515305564464
2006-07-17,0.0025042044290712884,-0.0014572184850346614
2006-07-18,0.003330474786332527,0.00510752863906494
2006-07-19,0.013001131943189748,0.01387458506282302
2006-07-20,-0.014745799401809201,-0.006842269780043986
2006-07-21,-0.010531558873094427,-0.007049652481296853
2006-07-24,0.019886458526062523,0.01823313352720457
2006-07-25,0.005768274502502058,0.003565662520277346
2006-07-26,-0.0008189908807917368,0.0013418234968842757
2006-07-27,-0.006559250297463959,-0.0009459515242952188
2006-07-28,0.020907957403302646,0.010022877055613888
2006-07-31,-0.0002692117223231927,-0.0010158167062751522
2006-08-01,-0.016712474275352163,-0.004927876246029528
2006-08-02,0.011239752244449175,0.006760418498955367
2006-08-03,0.006234727565709974,0.002654583662763166
2006-08-04,-0.004579156006222274,-0.0017132303978798502
2006-08-07,-0.006496125518877793,-0.0023399506576183837
2006-08-08,-0.006265725979493042,-0.003831082112727535
2006-08-09,0.001371019495434389,-0.003375253378070875
2006-08-10,0.007117425322813231,0.0030716236669507957
2006-08-11,-0.007067125584220624,-0.0028267758816016286
2006-08-14,0.006570453005309673,0.0007872916705620181
2006-08-15,0.02529193430132315,0.01195849693012696
2006-08-16,0.02360726752530007,0.008318430691250711
2006-08-17,0.0036281215877864703,0.002544186017596539
2006-08-18,0.001549321191833375,0.005076138682439613
2006-08-21,-0.009538753763259966,-0.004285801699310698
2006-08-22,0.00026038121902804967,-7.63917170328865e-05
2006-08-23,-0.007546649272150874,-0.0027666949450795286
2006-08-24,0.0028851044815547677,-0.0008473862836123613
2006-08-25,0.0018296005551150518,0.0012336072089007555
2006-08-28,0.007567612673609725,0.004776295321114343
2006-08-29,0.003108157783511478,0.0011500991612261036
2006-08-30,0.004647732953113826,0.0006124108959064678
2006-08-31,-0.0010284085228897677,-0.00015258634273618288
2006-09-01,0.005403324237025275,0.005970122501144148
2006-09-05,0.009722807422931412,0.0019023925938221886
2006-09-06,-0.020020170584153507,-0.008809971805607164
2006-09-07,-0.004654830005446531,-0.0045969003506156625
2006-09-08,0.005976021422894995,0.0028478578191573067
2006-09-11,0.006198077104738964,0.000997968031619001
2006-09-12,0.01848060979742039,0.009815158090236364
2006-09-13,0.006804013504705608,0.004024617737221181
2006-09-14,0.0010015252607051828,7.585246094876652e-05
2006-09-15,0.0035783865097442913,0.002346904297409358
2006-09-18,0.0002489329101882376,0.001364127553801442
2006-09-19,-0.006729751060065681,-0.0024976739308820717
2006-09-20,0.014554827604475351,0.005310793421107185
2006-09-21,-0.006184002075501849,-0.004830026632368534
2006-09-22,-0.007714922237027522,-0.0030330845638586457
2006-09-25,0.017556843847553738,0.007682358888944973
2006-09-26,0.004929581261188254,0.008303052363285213
2006-09-27,-0.001225829901184805,0.00119824604111618
2006-09-28,0.0027012975852411802,-0.0003740499919582252
2006-09-29,-0.00440855575525434,-0.0008230698432259986
2006-10-02,-0.012546365079854849,-0.003742841498680982
2006-10-03,0.004235369993022431,0.0021041268005992375
2006-10-04,0.024559292689181556,0.011697611594700064
2006-10-05,0.0048432053602722736,0.0019266795644488077
2006-10-06,-0.0021692281929325263,-0.0012572794896104078
2006-10-09,0.003380936120603417,0.0005923290938740777
2006-10-10,0.0016845033959163036,0.0013326027490039305
2006-10-11,-0.0019215722274366076,-0.0011827877353309812
2006-10-12,0.015888381084758096,0.008659982881400685
2006-10-13,0.005449724139776624,0.002567773327128542
2006-10-16,0.0009434962611500897,0.0015373136610843385
2006-10-17,-0.011066934549617491,-0.003142557040415883
2006-10-18,-0.0047626952247008525,0.001319304181319536
2006-10-19,0.002392957082031799,0.0016105461952777844
2006-10-20,0.002386818404941371,0.0002198440835214921
2006-10-23,0.010237626780086106,0.004603576040895563
2006-10-24,-0.006834641050639689,0.002982563952254047
2006-10-25,0.006881674827915685,0.0034088539917807026
2006-10-26,0.00919164598177269,0.003107940605426851
2006-10-27,-0.014245256871078138,-0.0062686522694773705
2006-10-30,0.006396106440127447,-0.0007253998969273256
2006-10-31,0.0023541256406467426,-0.00014539277275027462
2006-11-01,-0.013621022545795003,-0.006749057243759848
2006-11-02,0.0009520927016710701,-0.0005844830282166757
2006-11-03,-0.0026169058188888483,-0.0017544745452452437
2006-11-06,0.01454858571472828,0.011278188221895968
2006-11-07,0.006816755816418052,0.0038386855303480516
2006-11-08,0.0046701930198465025,0.002164178630818636
2006-11-09,-0.004648483703700745,-0.005255392073116982
2006-11-10,0.0046701930198465025,0.00043453298925122397
2006-11-13,0.010225025239708474,0.002459533991574281
2006-11-14,0.01058214802993862,0.007504289934160635
2006-11-15,0.004097051888505732,0.0028652762512879626
2006-11-16,0.004307908010940054,0.0025712866627669584
2006-11-17,0.0,0.00028460021425313897
2006-11-20,0.0020315168739930556,0.0005697433171263366
2006-11-21,0.0013512971356501868,0.0009966200390210123
2006-11-22,0.006299317440894292,0.0019910991674352285
2006-11-24,-0.0017883673499323738,-0.004045455183941837
2006-11-27,-0.02262046247971583,-0.013751102836896067
2006-11-28,0.002978657032031151,0.004334934636345489
2006-11-29,0.006854029655076532,0.010429846526607944
2006-11-30,-0.0006805042274008466,0.0004275272430207533
2006-12-01,-0.008628292618854116,-0.0022062121701089676
2006-12-04,0.013742180813412164,0.007630861402918132
2006-12-05,0.003614918319949423,0.004317240428137525
2006-12-06,-0.0036018977537727315,-0.0008452751929903801
2006-12-07,-0.01265221411982298,-0.004373367229825065
2006-12-08,0.0045770110295833,0.0018421341083914022
2006-12-11,0.0036446616083138927,0.002898557486501696
2006-12-12,-0.005901536247200023,-0.0007753669036187905
2006-12-13,0.0018260336824187373,0.0010585763149564276
2006-12-14,0.011166727749013283,0.00881126246651176
2006-12-15,0.0025728386661356684,9.112958734891485e-05
2006-12-18,-0.009902926317937766,-0.002740322781396465
2006-12-19,-0.0031828243621506713,0.0019025492619271223
2006-12-20,-0.0036488521431554677,-0.0005624142998719162
2006-12-21,-0.007095356667254693,-0.0036580578755612825
2006-12-22,-0.01037364184051981,-0.006143497782087448
2006-12-26,0.004193305996175178,0.005896941096322106
2006-12-27,0.0051029688675157114,0.0065682964488142925
2006-12-28,-0.004846187085888354,-0.0021046474677122173
2006-12-29,0.0009274750873533577,-0.004148500411612521
2007-01-03,0.001853541219162258,-0.001765820277071728
2007-01-04,0.018964240413311684,0.002122314964072558
2007-01-05,-0.004766701185983879,-0.007976621302006714
2007-01-08,0.0006845092496687855,0.004625311988732506
2007-01-09,0.005013523855638358,-0.0008496208308531594
2007-01-10,0.01179136350655674,0.0033311378987210816
2007-01-11,0.010309753182370818,0.004380618036779138
2007-01-12,0.005101680066541769,0.007597182033734162
2007-01-16,-0.000661960528734129,-0.001955196088783251
2007-01-17,-0.008172081968923939,0.00042012467574581436
2007-01-18,-0.01848091168407917,-0.0033566038084993366
2007-01-19,0.0020413965073662332,0.0019642616698525295
2007-01-22,-0.010867050786312227,-0.0030805144482100033
2007-01-23,-0.0025174603404591878,0.002949933394919002
2007-01-24,0.016521099655359084,0.008053343001204638
2007-01-25,-0.012866419125092343,-0.011739942767674538
2007-01-26,-0.0036593732701417636,-0.0009139542338705287
2007-01-29,0.0009186126391194094,-0.0005630780966544568
2007-01-30,0.00045868033364371286,0.005209597614246331
2007-01-31,0.01008419520830861,0.006723025164491192
2007-02-01,-0.0015881699345876577,0.005982554597524503
2007-02-02,0.0036361086828509137,0.0013829491975838604
2007-02-05,-0.0009055319217669,0.00027602660941816737
2007-02-06,-0.0013595289795398369,0.00027662993468080543
2007-02-07,0.009078091397101584,0.0022083516117237245
2007-02-08,-0.0002249055131129385,-0.0013083242469115186
2007-02-09,-0.012823099853031317,-0.007447505339468918
2007-02-12,-0.0038744375812317378,-0.003403985876531901
2007-02-13,0.003431672170920441,0.008434625893488867
2007-02-14,0.016871698171507576,0.006567326072944413
2007-02-15,0.0058299881653018915,0.001304955624373827
2007-02-16,-0.0033438983122600074,-0.00048034789068474026
2007-02-20,0.007604726897784131,0.002127183766584606
2007-02-21,0.003107241594763055,-0.0004107400164715669
2007-02-22,0.005089857515557572,-0.000753270358283209
2007-02-23,-0.0035227244732034535,-0.003907963215394661
2007-02-26,-0.004860758845332103,-0.0008944565371195035
2007-02-27,-0.04107478624801442,-0.03905744562690461
2007-02-28,0.0032415738948277095,0.010250760195334996
2007-03-01,-0.004615313387382192,-0.0029804395077401846
2007-03-02,-0.015071101128185216,-0.013094980324996008
2007-03-05,-0.007767921945502354,-0.009519059649209183
2007-03-06,0.01660692347004389,0.017109508690430264
2007-03-07,-0.003967257768966004,-0.0010025664197317319
2007-03-08,0.006794379157441854,0.008456041178525053
2007-03-09,-0.0009308170149864292,0.0002834648606142576
2007-03-12,0.006522620446045346,0.0014921966713503654
2007-03-13,-0.019439816669974963,-0.019434111089228767
2007-03-14,0.014632911978418095,0.007450384756584771
2007-03-15,-0.0023264773027174,0.001364263014519418
2007-03-16,-0.0007697824527850283,-0.0028005544338752797
2007-03-19,0.010273267971041555,0.01205514649018724
2007-03-20,0.007164349868866715,0.005492128529233309
2007-03-21,0.019275007416806433,0.016457401445523434
2007-03-22,-0.0036020682455227826,-0.0007673445992251171
2007-03-23,-0.0031632289556694504,0.0014666365295352701
2007-03-26,0.004079755679162966,-0.0013253933809640461
2007-03-27,-0.00699737294294156,-0.0023742236535112538
2007-03-28,-0.010684667852557839,-0.0072797671060116365
2007-03-29,0.0011488100009326985,0.0010573365840456095
2007-03-30,-0.000917625287192525,0.00021161224901922182
2007-04-02,0.0013784185788880965,0.0011270302385004705
2007-04-03,0.013075928919260127,0.010762469693247567
2007-04-04,0.0040761616626920905,0.0011134712739875319
2007-04-05,0.004961906767637636,0.0027112947062624126
2007-04-09,-0.002468753896170961,0.0013860031130508155
2007-04-10,0.00517454193922795,0.0011772224277690757
2007-04-11,-0.010519265527022204,-0.004079879864136049
2007-04-12,0.007916763535161353,0.0044436047329976525
2007-04-13,0.0020197350338793107,0.004562573643336121
2007-04-16,0.009182191832215691,0.009496195734953528
2007-04-17,0.0022198861937554604,0.002658696270570804
2007-04-18,-0.0033216645929693422,0.001223848169363606
2007-04-19,0.0031106184870868248,-0.0002716749131923546
2007-04-20,0.005536873016624755,0.009440697736532
2007-04-23,0.0015419486981411712,-0.0037678019056911483
2007-04-24,0.005057776919900059,0.00040508059051136414
2007-04-25,0.013348138493237016,0.009181516242662502
2007-04-26,0.005182591817332938,0.0011376759929087044
2007-04-27,0.0004295362855275542,-0.0008016989554184839
2007-04-30,-0.013098580163618645,-0.0082928119201795
2007-05-01,-0.0008705854937056667,0.0025623147423377013
2007-05-02,0.01088874475905599,0.005851914450636375
2007-05-03,0.003662627494218418,0.00541672436410745
2007-05-04,0.0008580479118347473,0.00379153615065575
2007-05-07,0.0,0.00019834112334704557
2007-05-08,0.0021448572106383956,-0.0013245376241569629
2007-05-09,0.0021393132536553505,0.0027194995473400763
2007-05-10,-0.013666315331120726,-0.010452659363763495
2007-05-11,0.012773557177949701,0.008557667491801535
2007-05-14,-0.006840411043704364,-0.002187530168254792
2007-05-15,-0.0077489325895222505,0.00026550184516183073
2007-05-16,0.009761809339425831,0.0068403017569111935
2007-05-17,-0.004726430464459086,-0.0019791146781417135
2007-05-18,0.008202253792710668,0.008725257905267014
2007-05-21,0.006422691870742403,-0.000524017517116171
2007-05-22,0.0008510455207948464,-0.0007872953032211916
2007-05-23,-0.004676580838763877,0.00013114060524066495
2007-05-24,-0.014306672644983975,-0.009053017446201905
2007-05-25,0.006282925955441998,0.004171186142706063
2007-05-29,0.007749830856105033,0.0036259830184732778
2007-05-30,0.008118049642737324,0.00814462006095118
2007-05-31,0.004662046695239397,-0.0010423049033539966
2007-06-01,0.000632241101121922,0.004957073203933016
2007-06-04,0.00295138031287423,0.00012965700349654163
2007-06-05,0.0,-0.003958125792977052
2007-06-06,-0.0107187819093576,-0.010750237104186433
2007-06-07,-0.015508568135818024,-0.01804507405355138
2007-06-08,0.012300144760180487,0.01301104228681882
2007-06-11,-0.0019183649706688843,0.0017209089791898613
2007-06-12,-0.005980352228739383,-0.010904844493689225
2007-06-13,0.010958496805355322,0.014968201361388767
2007-06-14,0.00658828996960148,0.006385918148658076
2007-06-15,0.009234654502175088,0.005689942291057015
2007-06-18,0.00020925667647642143,-0.001176020101958164
2007-06-19,-0.00020921289728081938,0.002485837197775176
2007-06-20,-0.009422422677793807,-0.013897024887593479
2007-06-21,0.009089178566686673,0.005557550943080747
2007-06-22,-0.009425811759595781,-0.009409050967078447
2007-06-25,-0.004229269383288381,-0.004782242965607364
2007-06-26,-0.005734004364551626,-0.010278746350839474
2007-06-27,0.01537838535273428,0.014229004609664697
2007-06-28,-0.00042091826104484475,-0.00013312482399363557
2007-06-29,0.0016831641800330033,0.00033235149719379464
2007-07-02,0.009033898043536048,0.009040879567873139
2007-07-03,0.005829865327042993,0.003623978811045925
2007-07-05,0.00724502462633847,-0.0010502966205111486
2007-07-06,0.004109647191166355,0.005256719429620693
2007-07-09,0.0006140926239366351,0.0007847107602081405
2007-07-10,-0.008386234446881358,-0.014238969743322838
2007-07-11,0.006807139971844345,0.0070893697830112234
2007-07-12,0.015365667199972455,0.015790447947882535
2007-07-13,0.006860635449089658,0.0029792284382836876
2007-07-16,-0.0010021262955691723,-0.00012901900866046923
2007-07-17,0.007622388881948217,-0.0005164228345757582
2007-07-18,-0.0011940668358372264,-0.0018097455016038433
2007-07-19,0.002990022462658004,0.00388444516407227
2007-07-20,-0.005365323626851604,-0.010124462370498688
2007-07-23,0.00039883072508661854,0.003061649668846478
2007-07-24,-0.014778771424270754,-0.01734164065492183
2007-07-25,0.001418628267684241,0.0020500152978726316
2007-07-26,-0.008502325029803526,-0.02367950377761907
2007-07-27,-0.020211955503195767,-0.019659343848808852
2007-07-30,0.011669354949427335,0.015643822705136534
2007-07-31,-0.021010162101971708,-0.011263993980683118
2007-08-01,0.007785213853842343,0.004872575351529962
2007-08-02,0.00918568101800954,0.007990350693251269
2007-08-03,-0.019031773127185292,-0.02574516843621799
2007-08-06,0.011598866887437387,0.01675901217210818
2007-08-07,0.007087476209040933,0.01066958528005224
2007-08-08,0.010970789805638592,0.013940777751125788
2007-08-09,-0.02313661021083302,-0.029633775141637564
2007-08-10,-0.00901287749874713,-0.00467728989924554
2007-08-13,0.00676767889808394,0.003593819341267235
2007-08-14,-0.017016685987053526,-0.015286457333677284
2007-08-15,-0.01902097643949119,-0.013775227267625145
2007-08-16,-0.009803956750279008,0.007515627276995396
2007-08-17,0.01892199341244094,0.018367223257053755
2007-08-20,0.0047504823972699395,-0.00048358302341777737
2007-08-21,0.010531038060969555,0.0020047060425607555
2007-08-22,0.013610960495721303,0.011868342069941917
2007-08-23,-0.0027281002168413337,-0.000886624484207621
2007-08-24,0.014096574828098785,0.01235291609507061
2007-08-27,-0.0066388763793394645,-0.009303493147875264
2007-08-28,-0.02380905671317013,-0.021980503074930713
2007-08-29,0.028668885158067647,0.01962176905185986
2007-08-30,0.005199655455004004,-0.002661204960743624
2007-08-31,0.011173593967626072,0.009852434633370821
2007-09-04,0.016574366710254695,0.010095680341032809
2007-09-05,-0.010064208456376011,-0.008652904551334384
2007-09-06,-0.0008136733327412937,0.002300594024121194
2007-09-07,-0.018518283649087475,-0.013906752635239217
2007-09-10,-0.000622575405696213,-0.0019164706881711346
2007-09-11,0.01514553418936826,0.011660544156247399
2007-09-12,0.00020461695551254877,0.002575672371826876
2007-09-13,0.004904071653859976,0.007033893779812672
2007-09-14,0.0008131302200484747,-6.722842339079715e-05
2007-09-17,-0.008330006455981143,-0.005372808127741768
2007-09-18,0.025199752579139867,0.029439540246754436
2007-09-19,0.002597990216191004,0.005903057030444359
2007-09-20,-0.0027902853773553726,-0.007042211684750166
2007-09-21,0.007119271488594148,0.002698785713807439
2007-09-24,0.004567350551465843,-0.0018426031877318838
2007-09-25,0.009487801881307156,-0.0019775164605045914
2007-09-26,0.004895212124116144,0.005284087534238147
2007-09-27,0.0050665255666721976,0.005913484802336999
2007-09-28,-0.0032961615516828857,-0.0033312047619826757
2007-10-01,0.011476702655377702,0.011273123880480629
2007-10-02,0.00019183757637786236,-0.0013612939862609474
2007-10-03,-0.006921595741440911,-0.002011868186835186
2007-10-04,0.0023229922303895645,0.0015610459302561885
2007-10-05,0.020282382789569953,0.011881216570301723
2007-10-08,0.006247861958388334,-0.005325498461142497
2007-10-09,0.004327177478987476,0.009418090577675509
2007-10-10,0.002435417630613168,-0.0016613207120237394
2007-10-11,-0.01588513345582554,-0.004800984879779091
2007-10-12,0.016521002130998053,0.0055307768236601
2007-10-15,-0.007659238805635238,-0.00844287837049984
2007-10-16,-0.004706130483571713,-0.007935221803676895
2007-10-17,0.012861773677554922,0.0030563872561988337
2007-10-18,0.004294939032820633,-0.003630665211853179
2007-10-19,-0.024915655382026003,-0.02615640758411142
2007-10-22,0.012013121143525929,0.005812831778910121
2007-10-23,0.020915706360656428,0.008103941095571221
2007-10-24,-0.007567513588617958,-0.0018447979684815818
2007-10-25,-0.013390242429107024,0.0023766231498771884
2007-10-26,0.016588593160485665,0.01172313256241253
2007-10-29,0.004078877381796131,0.0033194992172238535
2007-10-30,0.002031523619707709,-0.006942008684689749
2007-10-31,0.014191014276459857,0.010387631408456555
2007-11-01,-0.018717236911703572,-0.02340723795834576
2007-11-02,0.007778048037715202,0.0011255228513589177
2007-11-05,-0.006431844296828748,-0.007605997696225275
2007-11-06,0.011281994734284595,0.013461971775053483
2007-11-07,-0.0243235251230014,-0.02735582160386274
2007-11-08,-0.030365600681279692,-0.005070136770351286
2007-11-09,-0.03344276355932185,-0.013726927091700425
2007-11-12,-0.025399852119699196,-0.009921458959331164
2007-11-13,0.04124748665476563,0.030480391688459285
2007-11-14,-0.012810575720456185,-0.002768423785204255
2007-11-15,-0.005389825907477275,-0.014424568829869533
2007-11-16,0.009232907163203796,0.0017182585554122998
2007-11-19,-0.011535436457271064,-0.013924704753742967
2007-11-20,0.004024336168506393,0.006121632797846832
2007-11-21,-0.01182354728175039,-0.0204648356587257
2007-11-23,0.010748130908923015,0.017292612086542203
2007-11-26,-0.017255356801544663,-0.022063431907990316
2007-11-27,0.020008228395850702,0.01149363137497228
2007-11-28,0.030424431596950408,0.03198431453313466
2007-11-29,0.004273516831666768,0.0003397764166992445
2007-11-30,-0.007543327227813923,0.01005531538305715
2007-12-03,-0.008380412197791287,-0.00659227124744699
2007-12-04,-0.004127413403940738,-0.008938054429905806
2007-12-05,0.017959526173530582,0.016739737975870916
2007-12-06,0.014346165541305522,0.014313852167886498
2007-12-07,0.00019142973091668125,-0.00019932062206051704
2007-12-10,0.004013048060412583,0.007753236655123841
2007-12-11,-0.023220551114200405,-0.027420167009059693
2007-12-12,0.008963219354859442,0.009871184807835442
2007-12-13,-0.00540759543270386,-0.002075369661444504
2007-12-14,-0.010291337342518192,-0.01267965959113393
2007-12-17,-0.024327851731281935,-0.014268937027565931
2007-12-18,0.003217293990829484,0.005583642309955339
2007-12-19,-0.00020004025776743095,0.0
2007-12-20,0.020448864903438668,0.0063062408408143256
2007-12-21,0.019725444857060515,0.014415349036916547
2007-12-24,0.007521904957191294,0.007426018000275647
2007-12-26,0.004976881926552101,0.002144493670890535
2007-12-27,-0.011999692506609594,-0.012570746168520164
2007-12-28,-0.0009640185434321991,-0.002506075400409258
2007-12-31,-0.01157844175783651,-0.007399482537763569
2008-01-02,-0.015813984809167847,-0.00875500469587287
2008-01-03,0.004165790086714027,-0.00048314433086693587
2008-01-04,-0.043856122996605795,-0.024505946081537
2008-01-07,-0.004752503143249487,-0.0008492476073497235
2008-01-08,-0.025949443125869553,-0.016148810970629257
2008-01-09,0.021312528940250708,0.010510597561665724
2008-01-10,0.0014609674682215523,0.0065542200895769565
2008-01-11,-0.019586989415449563,-0.008068767185336445
2008-01-14,0.017427546763808532,0.008062687813399139
2008-01-15,-0.027574470550592478,-0.022013312372255123
2008-01-16,-0.01074087180103167,-0.008611960735352975
2008-01-17,-0.013898078441603734,-0.025916465928055188
2008-01-18,-0.0013214889708869082,-0.010267396703951825
2008-01-22,-0.025798968049118853,-0.010146970565150126
2008-01-23,-0.0038477720528566906,0.024020965926672577
2008-01-24,0.020449158776641774,0.00844178763492609
2008-01-25,-0.020485332061231154,-0.014445504352925354
2008-01-28,0.007729392647851885,0.016536616615214106
2008-01-29,0.0018046780656466588,0.004954106922482104
2008-01-30,-0.0009008636621263832,-0.007358065057459173
2008-01-31,0.017128737607590594,0.018234197836414223
2008-02-01,0.010192534404358744,0.016088070959669354
2008-02-04,-0.01403782782490004,-0.012609730566066624
2008-02-05,-0.02847617930717783,-0.026773256584021965
2008-02-06,-0.019693163402793368,-0.008052130018591397
2008-02-07,0.00700770011217311,0.006613697685544873
2008-02-08,0.011366379136580784,-0.006421357670848948
2008-02-11,0.010779683658932893,0.005110750409219156
2008-02-12,-0.00567270265628117,0.00927083199527301
2008-02-13,0.02190848727560879,0.010223114270614175
2008-02-14,-0.018089042800269572,-0.008800036283938883
2008-02-15,-0.0034114629927834983,-0.00022195609733810517
2008-02-19,-0.0018255804824571786,0.0028121739991344707
2008-02-20,0.004571993450928291,0.0029515858623387903
2008-02-21,-0.009557975013797626,-0.008314159573086344
2008-02-22,0.003676533669523252,0.006158045562208114
2008-02-25,0.005036894214740517,0.012608567041731744
2008-02-26,0.0038719077108593236,0.0075002951702329845
2008-02-27,0.004991917823320202,-0.0010122503007918837
2008-02-28,-0.0038383175831213645,-0.009766774833341207
2008-02-29,-0.026518205469826306,-0.022283719368094035
2008-03-03,-0.006519371527493156,-0.002391121292173226
2008-03-04,0.005624240954553272,-0.0038204536396581057
2008-03-05,0.004893804088732079,0.006316482838956583
2008-03-06,-0.022030577586133138,-0.020697830355667857
2008-03-07,-0.0023717363066009245,-0.010300422995735303
2008-03-10,-0.019253967908503977,-0.013183544758586407
2008-03-11,0.03805146753864297,0.03593769714182926
2008-03-12,-0.002801356199279681,-0.009351640839204478
2008-03-13,0.007726151578100415,0.002207751473625841
2008-03-14,-0.018354807775122772,-0.015495500139515728
2008-03-17,-0.01822501969636925,-0.010107627902892102
2008-03-18,0.04459994942308021,0.041543608590619785
2008-03-19,-0.024694669694675375,-0.024769975691587676
2008-03-20,0.02043721136868193,0.018522694810301887
2008-03-24,0.03457936036021825,0.01998760962520807
2008-03-25,0.005607709404928052,0.0009654767315983026
2008-03-26,-0.002899870793225734,-0.012236011832222782
2008-03-27,-0.0221476662771507,-0.0031531294490915185
2008-03-28,-0.005033063837729945,-0.00956438951192351
2008-03-31,0.005288707270134196,0.003497356609394542
2008-04-01,0.042771754859546984,0.03515950886865693
2008-04-02,-0.002193079660754549,0.0006586540462054646
2008-04-03,0.0021978998301686037,0.002487574827540584
2008-04-04,0.005922347717495224,-0.0010947798160059197
2008-04-07,-0.0021801679480835112,0.0005114988101584395
2008-04-08,-0.007648618917942551,-0.0010220845469335327
2008-04-09,-0.011231169235596306,-0.00723594652357884
2008-04-10,0.014253794316900326,0.0013988961440560832
2008-04-11,-0.027667606809599565,-0.019409111536896173
2008-04-14,-0.00451732351139611,-0.003373422398307069
2008-04-15,0.0013616086609353761,0.0023318507339020744
2008-04-16,0.027865967019901072,0.027094079987990183
2008-04-17,-0.0022039088497600723,0.001461472689441523
2008-04-18,0.03180877961795647,0.01043383591602498
2008-04-21,0.007064619302593611,0.0005052400912797239
2008-04-22,-0.014880520205923675,-0.0044023459126874
2008-04-23,0.011005098673160463,-0.001594699898269769
2008-04-24,0.008965166095554533,0.004356565556566938
2008-04-25,-0.002538783127920663,0.009254006348605959
2008-04-28,0.001908768873277289,0.00021484884920397462
2008-04-29,0.007620435647675006,-0.003939222850415702
2008-04-30,-0.00819270309564113,-0.0058957483327288784
2008-05-01,0.031560766074180346,0.020685202650965406
2008-05-02,0.0014373570941839109,0.00276408874340639
2008-05-05,-0.0028706791943374776,-0.004805586815579188
2008-05-06,0.006168956359841715,0.008663054961309813
2008-05-07,-0.018189353610027492,-0.01781050628660974
2008-05-08,0.007494552845167757,-0.0025807370624261194
2008-05-09,-0.003926692202278592,-0.0018682702115171423
2008-05-12,0.01825428630124737,0.011231372331816258
2008-05-13,0.002647769006265177,0.0001423302698220219
2008-05-14,-0.002234725592823561,0.0020641417325601985
2008-05-15,0.017511880313041406,0.012502798020811667
2008-05-16,0.0008000911545753553,0.0009124978849945897
2008-05-19,-0.0071980831635616305,0.0027337246985910113
2008-05-20,-0.007653968524312327,-0.008109274956154322
2008-05-21,-0.02212274948003823,-0.016914051433680966
2008-05-22,0.003528333134528827,0.00014278374842113806
2008-05-23,-0.0031022946122605255,-0.013403902142453794
2008-05-27,0.017635082931090285,0.007410591976345637
2008-05-28,0.004077209558466244,0.0046158510018707855
2008-05-29,0.008933996639223007,0.005024882407058895
2008-05-30,0.006439657881555538,0.002499765119923225
2008-06-02,-0.012197452625259508,-0.010331336051325968
2008-06-03,-0.005465403995406182,-0.005831464027791888
2008-06-04,0.012822449442839945,-0.0005067444443429547
2008-06-05,0.015876934567400802,0.019997174293815423
2008-06-06,-0.03006964621619934,-0.03189375740345801
2008-06-09,-0.005302564965660284,0.0024214405760403235
2008-06-10,-0.004715862134910043,-0.00497774810667484
2008-06-11,-0.024103688820082625,-0.014712095313035856
2008-06-12,0.0010550539785791901,0.0038074928184708146
2008-06-13,0.020033608509010703,0.012644429858640338
2008-06-16,0.008890035201678304,0.0005871866179840701
2008-06-17,-0.005327646287752952,-0.004844388034822789
2008-06-18,-0.010712547258546756,-0.009736807716746565
2008-06-19,0.015618063365691937,0.0012664459088234103
2008-06-20,-0.027002761581910617,-0.01623208584723601
2008-06-23,-0.0078022317735390034,-0.00098763704342697
2008-06-24,-0.005101524892030529,-0.0019781165648274923
2008-06-25,0.016236085461524663,0.004725866668222611
2008-06-26,-0.04036141908632007,-0.027160092914472855
2008-06-27,0.0,-0.005458871825417599
2008-06-30,-0.010514501736828996,0.0035283638839196385
2008-07-01,0.014168537614651866,0.0031256747199832624
2008-07-02,-0.024012204905931145,-0.01713677469514352
2008-07-03,-0.0017896737739087065,0.0010305778541281896
2008-07-07,0.006050095695312008,-0.01021343683214182
2008-07-08,0.02383076400407913,0.01775722083637965
2008-07-09,-0.026539317897754766,-0.01925483702181474
2008-07-10,0.011843799505162789,0.0040870349039305864
2008-07-11,-0.015901460969760528,-0.01165194257165958
2008-07-14,-0.00740520438987613,-0.009043691501268603
2008-07-15,0.00022547219718083156,-0.014097433972804163
2008-07-16,0.024864569107601264,0.02454748027802589
2008-07-17,0.006616875406048051,0.010003091953673104
2008-07-18,-0.02300629574949875,0.006229999446327961
2008-07-21,0.004261629153460955,0.0005556451999477741
2008-07-22,0.0,0.011345011147218864
2008-07-23,0.013175048797394728,0.005412423646062203
2008-07-24,-0.01498795317438506,-0.02075357225393637
2008-07-25,0.012978834674658657,-0.0002389648392167043
2008-07-28,-0.018777004069476688,-0.01466388268080454
2008-07-29,0.020711579172859595,0.02135220697974316
2008-07-30,0.005072901919360717,0.01781779927686844
2008-07-31,-0.0024138867686962495,-0.01322650353176602
2008-08-01,-0.012758413447457428,-0.005282985779729965
2008-08-04,-0.010026695463551172,-0.009273637925212408
2008-08-05,0.03376109412891837,0.026962003114278543
2008-08-06,0.015240527176658025,0.0044405997311056655
2008-08-07,-0.007720641773528936,-0.014891698983635848
2008-08-08,0.022693724831284623,0.01858102112744442
2008-08-11,0.009086582759831652,0.010358279901447442
2008-08-12,0.0010468576378641625,-0.010404678440963266
2008-08-13,-0.0020920828424694227,-0.006030281769325407
2008-08-14,0.011530671603212417,0.007544428142865378
2008-08-15,-0.0018654240072895067,0.004863210608683444
2008-08-18,-0.011628253095060215,-0.013674485146510929
2008-08-19,-0.012394613662839449,-0.010904057017725455
2008-08-20,0.0017018297265827265,0.004646321710119583
2008-08-21,-0.0046721277870116484,0.0017239476977253254
2008-08-22,0.013228720421969209,0.014475971864996051
2008-08-25,-0.021057567993976956,-0.02028549149168246
2008-08-26,-0.0012905056284679972,0.002912671418053625
2008-08-27,0.006461439460663465,0.009734344435684994
2008-08-28,0.008131793946685839,0.012127990298335112
2008-08-29,-0.021014517466500626,-0.010753782296237913
2008-09-02,-0.01235950190538515,-0.006211618521016482
2008-09-03,-0.009440167823473566,-0.0008594204602044853
2008-09-04,-0.032357463335405234,-0.03010642086019466
2008-09-05,-0.004810352896783665,0.003144555159538376
2008-09-08,-0.0018410617443119781,0.020655646117863302
2008-09-09,-0.021213103302821223,-0.029687330855328598
2008-09-10,0.008244808898568046,0.004057570808821298
2008-09-11,0.01869177970256586,0.014468425335354418
2008-09-12,-0.003899204370936382,0.004620805747760803
2008-09-15,-0.03108417418681164,-0.04758494634699062
2008-09-16,0.007841946058143812,0.016737414425637365
2008-09-17,-0.051874321345479424,-0.044962852480859405
2008-09-18,0.033822046808502204,0.029671831945687677
2008-09-19,0.03269066413421151,0.03971322056794491
2008-09-22,-0.04708662066937752,-0.022639490863330947
2008-09-23,-0.0075832559504028785,-0.022751574252020568
2008-09-24,0.006901744162974399,0.0032056214782614223
2008-09-25,0.015911821275657934,0.015639497403638458
2008-09-26,-0.010121258672307287,0.0004968103323947926
2008-09-29,-0.07935676432308181,-0.0783618000952192
2008-09-30,0.028820550299312186,0.0413900144789221
2008-10-01,-0.010537818821510059,0.0006034005874520076
2008-10-02,-0.04545375999723522,-0.03627419307976887
2008-10-03,-0.015510509491202695,-0.013500786917428065
2008-10-06,-0.03648379768022891,-0.05093287637545052
2008-10-07,-0.06339673950901092,-0.04478686749330296
2008-10-08,-0.00796300665852434,-0.025191995828791947
2008-10-09,-0.026860348071682583,-0.06983888146608386
2008-10-10,-0.006345154094086758,-0.024255504530647398
2008-10-13,0.12164752565204662,0.14519702389587086
2008-10-14,-0.043267560972807595,-0.01480009787395331
2008-10-15,-0.08955668805997263,-0.09844768244900115
2008-10-16,0.05424842848950551,0.041657889081858857
2008-10-17,0.0012394118107628138,-0.005972424713122426
2008-10-20,0.027864397549428155,0.06007934642119461
2008-10-21,-0.05180753190896725,-0.02985539749641508
2008-10-22,-0.027636455496531376,-0.054454544261602345
2008-10-23,-0.003920112298792633,0.011584831167086307
2008-10-24,-0.032142037866426665,-0.05071485498553896
2008-10-27,-0.027786881075825165,-0.03550043407919734
2008-10-28,0.11049092710355013,0.1168553155415677
2008-10-29,-0.0025104333993510863,-0.007252456700934884
2008-10-30,0.03335416263251645,0.034593289144254635
2008-10-31,0.001522476619591373,0.005503998032953428
2008-11-03,-0.0021284698211460062,0.002891406749184755
2008-11-04,0.02833636852096899,0.03398215666004445
2008-11-05,-0.05214817024511609,-0.04202741828069256
2008-11-06,-0.04470150219063984,-0.05541114913310907
2008-11-07,0.020615318926730852,0.03301771000984477
2008-11-10,-0.013466249376631656,-0.013104214181305918
2008-11-11,-0.021774057951388315,-0.03087599174933031
2008-11-12,-0.046179614132175306,-0.04400125006461686
2008-11-13,0.06095458873792792,0.06233970236441566
2008-11-14,-0.04858871886597205,-0.04990618336441999
2008-11-17,-0.0210484397858548,-0.013276978394439531
2008-11-18,-0.0010576813492421122,0.01883749647752353
2008-11-19,-0.0522228213566569,-0.06407941356324665
2008-11-20,-0.048399530290337056,-0.07423318664304979
2008-11-21,0.043427520878991155,0.05394288332186825
2008-11-24,0.06111728590977106,0.06929111123916809
2008-11-25,-0.004593579019534499,0.007409292881826346
2008-11-26,0.04188866342834796,0.038640892374054436
2008-11-28,-0.007836572662097696,0.012588453809761813
2008-12-01,-0.0752057035118745,-0.08857789739650912
2008-12-02,0.03341995964831557,0.0384844092543537
2008-12-03,0.028386063144454132,0.02404169362435704
2008-12-04,-0.028301678461486346,-0.02313315672768612
2008-12-05,0.040632823868743895,0.030832472736368688
2008-12-08,0.03939193151566789,0.03491375278933262
2008-12-09,-0.002326937909543747,-0.016483284799217013
2008-12-10,-0.003332393628282526,0.00681542694713877
2008-12-11,-0.027415790850785826,-0.02408198414785756
2008-12-12,0.020281987426500336,0.011940215441593516
2008-12-15,-0.017520283100422418,-0.013934251557152444
2008-12-16,0.04801102171565752,0.047065534766958184
2008-12-17,-0.012107142302533958,-0.009686067679256616
2008-12-18,-0.017555738735936854,-0.018683567350366137
2008-12-19,0.008204544941367908,-0.0043020241379319035
2008-12-22,-0.021767855813289883,-0.012813034480831709
2008-12-23,-0.0051354004063531855,-0.010338077307073923
2008-12-24,0.002753129827788081,0.005803568060124942
2008-12-26,-0.00034310137501958327,0.005769657514572257
2008-12-29,-0.008239159653606332,-0.0028675278754182187
2008-12-30,0.020768213577367467,0.02370227460157248
2008-12-31,0.008477988392353142,0.014274235215806508
2009-01-02,0.04337554400177579,0.03014202094438545
2009-01-05,-0.00032213218680721134,-0.00118334705501566
2009-01-06,0.009993670211524197,0.006676875542064087
2009-01-07,-0.028407246011941223,-0.02995637055813649
2009-01-08,0.010512389893358565,0.00408089252292787
2009-01-09,-0.02243164868302061,-0.02141846232661504
2009-01-12,-0.01829063040319212,-0.024020967811034577
2009-01-13,0.00033868472705167463,0.0018400071680446661
2009-01-14,-0.030477679234602206,-0.03145444716577572
2009-01-15,0.01641650415165463,0.00035550477172408
2009-01-16,0.010996695002751578,0.007820251191241523
2009-01-20,-0.04962613155391282,-0.052786003645782786
2009-01-21,0.042560808027625185,0.04319157189119882
2009-01-22,-0.013379096897855325,-0.015466417425164747
2009-01-23,0.0048672705372407865,0.004350585689393727
2009-01-26,0.007266806717377117,0.006857684284100385
2009-01-27,0.007214000854719904,0.010157759538875988
2009-01-28,0.03512944218792713,0.03383425350217406
2009-01-29,-0.025370286748008897,-0.032497968340792216
2009-01-30,-0.01757970103032047,-0.020343096600131005
2009-02-02,0.012044200040142616,-0.0030179367857441353
2009-02-03,0.01564100816900149,0.014047316923867292
2009-02-04,0.001339087338919187,-0.004896241686077718
2009-02-05,0.0220661709718466,0.014880412727873216
2009-02-06,0.026169362435803922,0.028496854116572212
2009-02-09,0.004144235986741407,0.0013798308772903223
2009-02-10,-0.03682552822708429,-0.045809055390517384
2009-02-11,-0.004614312060095993,0.005895804328585941
2009-02-12,0.012251667428993862,0.0007176833052464637
2009-02-13,-0.00457959496422744,-0.010758155756186771
2009-02-17,-0.03976341312780762,-0.04277431109992791
2009-02-18,0.0006843240458511701,-0.002398428463848301
2009-02-19,-0.015389790763520428,-0.010755489393375561
2009-02-20,0.0027784875348790816,-0.009721336746168707
2009-02-23,-0.03498416330442733,-0.035778480592202455
2009-02-24,0.03302256087548083,0.03790994882445564
2009-02-25,-0.006602391387545481,-0.007873032190241158
2009-02-26,-0.02798141986876923,-0.016260798610182814
2009-02-27,-0.009355979667447722,-0.022349050916705915
2009-03-02,-0.032328577956491245,-0.045042088318098306
2009-03-03,-0.0007510144721777356,-0.007507343599669314
2009-03-04,0.02667227557217111,0.02369051585504378
2009-03-05,-0.030003817858959003,-0.040847694266741286
2009-03-06,-0.007921522184547225,0.001744214445485115
2009-03-09,-0.02129275805758346,-0.011752738651766181
2009-03-10,0.06177169853588671,0.05960933259149814
2009-03-11,0.015367449478998374,0.00651210215957887
2009-03-12,0.03315322685476407,0.039372601449674915
2009-03-13,0.00244170018890677,0.007815003665431197
2009-03-16,-0.016701776651799505,-0.0030230196392923014
2009-03-17,0.037863038554154294,0.03058254752139833
2009-03-18,0.012614855006101156,0.022384544037560294
2009-03-19,-0.0006730407334660793,-0.01238621574108123
2009-03-20,-0.015220726157419984,-0.021294156081653193
2009-03-23,0.058944347511180606,0.07182920082189015
2009-03-24,-0.01844633243306082,-0.01970360825721318
2009-03-25,0.004615428012596068,0.01054615483082122
2009-03-26,0.03085039246907484,0.020381290802941265
2009-03-27,-0.018783997263502883,-0.018049133041203924
2009-03-30,-0.02465938214324115,-0.034554365356654126
2009-03-31,0.00864952084184445,0.009264887298082058
2009-04-01,0.014841673961047519,0.019366411086398472
2009-04-02,0.03217420736666954,0.029238185039478948
2009-04-03,0.018576439716886606,0.00994794732413462
2009-04-06,-0.0024724023613257318,-0.007832435392493453
2009-04-07,-0.026340147470462538,-0.02332545012936893
2009-04-08,0.016867791673946142,0.010777493980183683
2009-04-09,0.03098606966798978,0.039743156552782155
2009-04-13,-0.0015177159817425512,0.00023288645502295147
2009-04-14,-0.01216206560726607,-0.017243716395422326
2009-04-15,-0.0027697813358815715,0.010670424269443535
2009-04-16,0.025925845815853554,0.014662770028255112
2009-04-17,0.0021057848627707987,0.006705490004471848
2009-04-20,-0.0321226256498639,-0.041915529788074224
2009-04-21,0.013958079134181567,0.019537192524770042
2009-04-22,0.003059051170702043,-0.006113270625181744
2009-04-23,0.009758988771165766,0.00981788693177399
2009-04-24,0.017517888692594186,0.01511032958906422
2009-04-27,0.0011868668624370748,-0.009462259535317652
2009-04-28,-0.007412221110191353,-0.0031458097208098
2009-04-29,0.013739841956160515,0.02126915076149838
2009-04-30,0.01001806953576323,0.0003440564252537026
2009-05-01,0.0026249567913654293,0.005375699964034197
2009-05-04,0.019784698688088964,0.03401990452735193
2009-05-05,-0.0008550909955707953,-0.0034108528907877966
2009-05-06,0.0002850848840874054,0.01733471687368615
2009-05-07,-0.02340885803411108,-0.013891966338023365
2009-05-08,0.0005854151306707855,0.023332480833653024
2009-05-11,0.0035046231005968487,-0.018713780966206683
2009-05-12,-0.012226689317646477,-0.002959227383088625
2009-05-13,-0.026819937351428513,-0.025172926032062892
2009-05-14,0.011205521508538263,0.008570087191852815
2009-05-15,-0.0005991958460698221,-0.008161327323550682
2009-05-18,0.026071636830464318,0.028406121560154984
2009-05-19,0.004672565617460878,-0.001204864512084125
2009-05-20,-0.0034879489865128344,-0.0066947333446599755
2009-05-21,-0.018378437988515572,-0.014363227267138012
2009-05-22,-0.003268800233043656,-0.0021295888917804984
2009-05-26,0.03726867863310934,0.025611943663922165
2009-05-27,-0.0068981425438199295,-0.01785293592433257
2009-05-28,0.011577530235233668,0.01393920057364606
2009-05-29,0.012302878565789488,0.01770850771908128
2009-06-01,0.028547789433535753,0.02420788410207697
2009-06-02,0.0013734009768904265,0.0008444621922729656
2009-06-03,-0.003018709226677019,-0.012651525346187631
2009-06-04,0.011285521003933097,0.009396393211535958
2009-06-05,0.0010890006839199273,0.00021189933724197196
2009-06-08,-0.0029911635532455794,-0.004124554998305885
2009-06-09,0.007635809212382494,0.0050974934458349885
2009-06-10,-0.003518030534710115,-0.002535875398444465
2009-06-11,0.0,0.004449064219778753
2009-06-12,-0.004617385296525112,0.0027418735543045525
2009-06-15,-0.02046374894635683,-0.022928158677040233
2009-06-16,-0.009749280464207533,-0.01356259439558749
2009-06-17,0.009564305464763168,-0.00098259559516789
2009-06-18,-0.0019507929569906324,0.007318661363991064
2009-06-19,0.010733607385509991,0.0036856344700015864
2009-06-22,-0.029867491970894222,-0.029986552016117773
2009-06-23,-0.0022802148451195325,0.0007839790444175154
2009-06-24,0.016856776073600477,0.008617824986941969
2009-06-25,0.019668625759708736,0.021748759978927223
2009-06-26,0.0022044907311240536,-0.0026068032099679783
2009-06-29,0.0021995202216835708,0.009364425441198643
2009-06-30,-0.0019202200338696018,-0.00809074337075999
2009-07-01,0.0005497591844774163,0.004132918104991612
2009-07-02,-0.021978527254753244,-0.027293507208780654
2009-07-06,-0.005336524956616406,-0.00011146782608573158
2009-07-07,-0.024851783357458745,-0.019376697422304523
2009-07-08,0.005212664938021305,-0.0006809227019887176
2009-07-09,0.001728883926481295,0.0019315759313804914
2009-07-10,0.004314115078376757,-0.0023816647042551597
2009-07-13,0.019186243813737125,0.02432969636252702
2009-07-14,0.0036535007912950057,0.005660240344775858
2009-07-15,0.033594331154038315,0.029245948494737384
2009-07-16,0.011917620798581607,-0.00160838790555351
2009-07-17,0.005353382335280266,0.010954857231170845
2009-07-20,0.009584189361957707,0.010623334536164597
2009-07-21,0.006856856839370762,0.0046252982768908435
2009-07-22,0.008381220015642343,-0.00020928272894282784
2009-07-23,0.02207778652064296,0.02208297456910091
2009-07-24,-0.007623868789642607,0.004095971173114776
2009-07-27,0.007682438694232019,0.0029576475221058107
2009-07-28,-0.00686141457589351,-0.004677649743633494
2009-07-29,0.006653325888894557,-0.0024521893407019046
2009-07-30,0.0058462549775841754,0.010445753990614204
2009-07-31,-0.003032748437897359,0.001419057485625208
2009-08-03,0.014955541844129172,0.01649609895710613
2009-08-04,0.0,0.0025888620695271314
2009-08-05,-0.0077426282518250344,-0.0028800060203166833
2009-08-06,-0.008808852535000189,-0.005178858257134267
2009-08-07,0.012696728475511065,0.013114351093123311
2009-08-10,-0.007020594267321156,-0.0020743999426312554
2009-08-11,-0.008586292710104138,-0.012476987628700864
2009-08-12,0.015537348486893698,0.010729168883354845
2009-08-13,0.005518332489334865,0.007638606952256932
2009-08-14,-0.011474427848289226,-0.007679568586512975
2009-08-17,-0.029018600850045706,-0.024605184622083165
2009-08-18,0.014293370546806239,0.00793380259457388
2009-08-19,0.006917668431196455,0.008780088144608733
2009-08-20,0.011705312438689441,0.010304504658082303
2009-08-21,0.013329522983606124,0.019605684382463684
2009-08-24,-0.000992814099670114,-9.732228980041668e-05
2009-08-25,0.0029808537009643477,0.0019429149213814334
2009-08-26,-0.0017337091070429578,9.67416042789715e-05
2009-08-27,0.002481639190240692,0.0022289557944672467
2009-08-28,0.0009898922989308723,-0.00019303422773198076
2009-08-31,-0.010138436953386787,-0.008899113934013991
2009-09-01,-0.018736010955926474,-0.022057937943666617
2009-09-02,-0.0007634757517470669,-0.0037922201421813906
2009-09-03,0.006624283195335368,0.00831482155419283
2009-09-04,0.021513629307383875,0.014009233065949589
2009-09-08,0.009415264479757601,0.008622263662213303
2009-09-09,0.008590679016253322,0.007674109367045601
2009-09-10,0.009491529941211496,0.010219625437424051
2009-09-11,0.0009648640646742201,-0.00019116512824013387
2009-09-14,0.003853077016018558,0.004867589625663582
2009-09-15,0.0031187743839662385,0.004179374234534405
2009-09-16,0.014589936224612465,0.015134302725420046
2009-09-17,-0.00023548044934496026,-0.0014909538574090497
2009-09-18,0.0016751997239377037,0.0006381953851690714
2009-09-21,0.003063810907574238,-0.002530492384965388
2009-09-22,0.0018791210704480754,0.005824153764163675
2009-09-23,-0.004689922464582774,-0.008311978005375531
2009-09-24,-0.008951271489198942,-0.011019523534352094
2009-09-25,-0.00879480562625945,-0.005332478519767481
2009-09-28,0.017026361644479016,0.017903299965306596
2009-09-29,-0.0044801149452669,-0.0030097372369629616
2009-09-30,0.0007105645058818055,-0.003868082766900982
2009-10-01,-0.029586005804113635,-0.024812865742452894
2009-10-02,-0.002926833152540387,-0.004661332910667393
2009-10-05,0.008072417789493525,0.014927731875062689
2009-10-06,0.01771442023757608,0.014324837364985799
2009-10-07,0.002860812569229765,0.002748082806733887
2009-10-08,0.004279816639824796,0.007656326402698088
2009-10-09,0.005681616412453794,0.006097136084710186
2009-10-12,0.002119270279763219,0.003915245191293604
2009-10-13,0.00023432013789337347,-0.0020431862184395744
2009-10-14,0.013621783165705725,0.017215909401436136
2009-10-15,-0.00231709888752063,0.003659428370198503
2009-10-16,-0.006502494043444607,-0.007474649593810279
2009-10-19,0.010051368550970885,0.00826540356470895
2009-10-20,0.00023125801809320556,-0.005282471154420931
2009-10-21,-0.0018503509409463215,-0.008973396528516697
2009-10-22,0.003940320255076735,0.010162964043304967
2009-10-23,-0.004156190284878458,-0.01143316451752352
2009-10-26,-0.0032460724201273106,-0.010824854504284942
2009-10-27,-0.015119369220519596,-0.0045838000706815984
2009-10-28,-0.022438124012783445,-0.018887655521663493
2009-10-29,0.01691235902503574,0.021454166260832963
2009-10-30,-0.026846817309069015,-0.028973318952574822
2009-11-02,0.0041502513340594405,0.007339093374977068
2009-11-03,0.003160534900017664,0.003163342365340105
2009-11-04,0.0016967032760231149,0.0025797591791556496
2009-11-05,0.024679439486377408,0.018395233450692716
2009-11-06,0.005903333589601489,0.002620661617495079
2009-11-09,0.021361144740207783,0.022775564683640503
2009-11-10,0.002528124151753186,0.00018299333654114847
2009-11-11,0.006419521186311172,0.0051096193729853745
2009-11-12,-0.00569459885915069,-0.010168036099137967
2009-11-13,0.008247025063290891,0.005411431527431176
2009-11-16,0.010225261909373229,0.014504675715221182
2009-11-17,0.0031486691611120055,0.0011689509867014447
2009-11-18,-0.005605519341455367,-0.0006288141231929334
2009-11-19,-0.015557682578153043,-0.013031355852160198
2009-11-20,-0.005039379531131871,-0.003551239847217169
2009-11-23,0.01611403248724641,0.012702294015072502
2009-11-24,-0.0033979833388172453,0.001533900474237182
2009-11-25,0.0043195028008571335,0.0035138972631574283
2009-11-27,-0.015165778338097402,-0.01625078851060835
2009-11-30,0.0011493316993591574,0.003377101590546827
2009-12-01,0.010330591067806427,0.012370269292551805
2009-12-02,0.001363328156696042,-0.00044907631084967203
2009-12-03,-0.0040842158541815055,-0.007819902009035151
2009-12-04,0.005240043866394428,0.0057071445160259415
2009-12-07,-0.004759852487670635,-0.0015314606570541178
2009-12-08,-0.006148648451775762,-0.011096973207971206
2009-12-09,0.010082369884636844,0.0037404992897263067
2009-12-10,0.0049908651933943116,0.0056355418234073085
2009-12-11,-0.0038370453287017714,0.00424785716680387
2009-12-14,0.009517443681468452,0.006840024058456962
2009-12-15,-0.005612204881921046,-0.0046482176597825164
2009-12-16,0.0013548019583082827,0.0015266918459628798
2009-12-17,-0.012172941337000642,-0.012015770091927558
2009-12-18,0.01629806959478386,0.0056573762331471045
2009-12-21,0.011245831478758461,0.01016229355298548
2009-12-22,0.0060053329143126,0.0035924775769324846
2009-12-23,0.007296263429318772,0.0019695878321241977
2009-12-24,0.009218151775746586,0.004734544553090414
2009-12-28,0.00521997679967745,0.0021333021365002036
2009-12-29,-0.004110823666543251,-0.0014191435915288375
2009-12-30,0.003041470729934881,-0.00035563153368234346
2009-12-31,-0.00909712628990511,-0.009598089945399457
2010-01-04,0.014645303505081975,0.01695973447099597
2010-01-05,0.0,0.002646763626347415
2010-01-06,-0.006031454879749432,0.0007039344569828021
2010-01-07,0.0006495895415032926,0.004221627085251312
2010-01-08,0.008230360812355508,0.0033279406831212555
2010-01-11,-0.004081682085608107,0.0013963173538631413
2010-01-12,-0.01251051227708555,-0.00932611357356583
2010-01-13,0.012450711244498702,0.008446153237184229
2010-01-14,0.0008629242746651666,0.00270477752532039
2010-01-15,-0.011640335719575456,-0.011224540295250773
2010-01-19,0.01613967804217431,0.012495832452929179
2010-01-20,-0.014380964436508936,-0.01016850210190079
2010-01-21,-0.009364285386119109,-0.019229005885420314
2010-01-22,-0.02923687615084747,-0.022291580002572586
2010-01-25,0.003396569738842725,0.005127060757302848
2010-01-26,0.0009027521615307954,-0.004190351743818543
2010-01-27,0.007892304518955395,0.00475719873082614
2010-01-28,-0.02572751726788125,-0.011472169356563477
2010-01-29,-0.017451010811916134,-0.010868754664220437
2010-02-01,0.010984080478900982,0.01555091740917347
2010-02-02,0.009015109517402697,0.012103263389376062
2010-02-03,0.005497905706280726,-0.0049826573516432715
2010-02-04,-0.028935810058175693,-0.030866038399939066
2010-02-05,0.008446730958246551,0.0020672814368121184
2010-02-08,-0.007212673334372477,-0.00721935705483745
2010-02-09,0.01031162794778484,0.012560441924699406
2010-02-10,-0.0020874766318474958,-0.001958953449550216
2010-02-11,0.015108735513893023,0.010466183553597075
2010-02-12,0.002061515459953922,-0.0008320531240187945
2010-02-16,0.012796769877960523,0.01573443189913326
2010-02-17,0.005640877950449763,0.004738653128760539
2010-02-18,0.006282104239587749,0.005895147882003737
2010-02-19,-0.00044564684638082053,0.0020736863688433083
2010-02-22,-0.0020078768664624214,0.0001803643525901677
2010-02-23,-0.01296360613571046,-0.01214492446576465
2010-02-24,0.010189908692066707,0.0091978125120451
2010-02-25,-0.00022392350109723402,-0.0013536791488190092
2010-02-26,0.0035873311099898775,0.0006325670638229752
2010-03-01,0.014522288129997785,0.010384902911300564
2010-03-02,0.0030828023006566063,0.002770404057482745
2010-03-03,0.0010972855622823907,0.0008912008778836356
2010-03-04,0.0032895041857461393,0.003028133294810109
2010-03-05,0.01508208734733385,0.014292761553724276
2010-03-08,0.0019381728917367003,0.0001750958295347882
2010-03-09,0.005587546158617673,0.0016625810651764716
2010-03-10,0.008121587255925933,0.004455946459520632
2010-03-11,0.003816075060961044,0.00417491276414772
2010-03-12,0.000210686620720546,8.66379282031815e-05
2010-03-15,-0.002533286821542524,0.00025980250748913747
2010-03-16,0.006350327240769671,0.007966154050113916
2010-03-17,0.0027347434151403505,0.005926956798555816
2010-03-18,0.003356303088416057,-0.000512065482769386
2010-03-19,-0.006048504430756996,-0.0050618970122119356
2010-03-22,0.00905449950249504,0.0053459534351825155
2010-03-23,0.006886687741637143,0.007033659194928488
2010-03-24,-0.0047671110462678135,-0.0048547837414120165
2010-03-25,-0.0014578094230507377,-0.0016259811770884536
2010-03-26,0.0010427209106649293,-0.000600477214457662
2010-03-29,0.004791666628474633,0.0063474512317047704
2010-03-30,0.003317536409704447,0.0006821296049728254
2010-03-31,-0.004753047643129005,-0.003407453747477529
2010-04-01,0.0,0.006837946674187245
2010-04-05,0.009343932258866428,0.008149080274020282
2010-04-06,0.0028805926204296117,0.00235803248753097
2010-04-07,-0.0024620389780120044,-0.005712223097704694
2010-04-08,0.0022620170674534368,0.0034638907711153077
2010-04-09,0.005949646546221654,0.006567267247551634
2010-04-12,0.0008158738981283165,0.001589037629534662
2010-04-13,0.005094875616550976,0.0007517052517593825
2010-04-14,0.011962574869796905,0.01134921599538563
2010-04-15,0.004408275396133865,0.0008258337923170433
2010-04-16,-0.01196912487990287,-0.015912750951584287
2010-04-19,-0.0006058170517779793,0.0037704917612253475
2010-04-20,0.005050706160254492,0.008930256917709878
2010-04-21,0.005628020554094615,-0.001819788044044035
2010-04-22,0.005596874973342603,0.002983979034580475
2010-04-23,0.0041736592037822096,0.00652714154885925
2010-04-26,-0.0021768712222518527,-0.003775846880125222
2010-04-27,-0.02122602419245534,-0.023650555243334925
2010-04-28,0.00060788235349718,0.0075960437067770226
2010-04-29,0.017419503405976533,0.01239731952251244
2010-04-30,-0.019709239814743817,-0.016961710831103205
2010-05-03,0.014013173437392279,0.012961741532465654
2010-05-04,-0.030042626115549642,-0.02351438631722491
2010-05-05,-0.005161569311119996,-0.005956758461777345
2010-05-06,-0.03341671012664138,-0.03321339222489805
2010-05-07,-0.024908280807308447,-0.014874922937810342
2010-05-10,0.05197050122055735,0.044040639434275386
2010-05-11,-0.001046373667303424,-0.002840642254013148
2010-05-12,0.018859617945080398,0.013985850081140061
2010-05-13,-0.01583692820657101,-0.012430803476964791
2010-05-14,-0.019226748262775595,-0.018105034117424923
2010-05-17,0.003196526571127123,0.0005268479152540362
2010-05-18,-0.013806700400367355,-0.013602250020757434
2010-05-19,-0.007968779864327757,-0.005694175667076418
2010-05-20,-0.037125702286566864,-0.037759849820865
2010-05-21,0.01104841820222191,0.01459932988176127
2010-05-24,-0.004014111303623613,-0.012830672834399537
2010-05-25,0.0008958059376771299,0.0010206276514193036
2010-05-26,-0.01118563300261255,-0.00602806813010992
2010-05-27,0.03778297338884018,0.03349815245133514
2010-05-28,-0.005886919164902471,-0.012550146772840498
2010-06-01,-0.009210285864471812,-0.01682324326321849
2010-06-02,0.023683432494314927,0.026039442575608085
2010-06-03,0.009513105229487229,0.0034440288421457854
2010-06-04,-0.03426857093371516,-0.035136574783419694
2010-06-07,-0.01818552963749931,-0.012451236653468811
2010-06-08,-0.0018069973392953464,0.010711998585885008
2010-06-09,-0.008372815346839313,-0.005346187386983781
2010-06-10,0.028525403176535402,0.029232019021696587
2010-06-11,0.00954077305506229,0.004855250892499718
2010-06-14,-0.00021988949827478343,-0.0015498321519217262
2010-06-15,0.026819265241190715,0.022737977962043576
2010-06-16,0.004067695648766634,-0.0003574018869397788
2010-06-17,0.003198476963977015,0.001607789588776054
2010-06-18,0.0008305703761113392,0.0010837912232934954
2010-06-21,-0.00851099970867264,-0.0028636461494150334
2010-06-22,-0.007725285245541946,-0.01651603435011284
2010-06-23,-0.004108676160665681,-0.003102546839965248
2010-06-24,-0.015201204302026872,-0.01657057704733378
2010-06-25,0.00019879926406507487,0.0041887589279212545
2010-06-28,-0.003534302709067294,-0.0031515360854507124
2010-06-29,-0.038572085218556706,-0.03087485413240887
2010-06-30,-0.015218368028754758,-0.009500569453211871
2010-07-01,-0.0028093531130181093,-0.004456232732614862
2010-07-02,-0.002817473625868039,-0.005449863862139748
2010-07-06,0.003060723667807519,0.0065562517915565
2010-07-07,0.03192487209937678,0.0314955583794565
2010-07-08,0.005459336823874006,0.009896032971076885
2010-07-09,0.009502312067311669,0.007465274255979759
2010-07-12,0.002913637745925124,0.0006480913108719566
2010-07-13,0.012960991662722243,0.015088547083127235
2010-07-14,0.0050739919696358715,-9.133446226183839e-05
2010-07-15,0.0008779032445960233,0.0002732872969302136
2010-07-16,-0.027631810505395427,-0.02753399853354277
2010-07-19,0.008570447465013453,0.005906103853333899
2010-07-20,0.012075094545396015,0.011091755869462094
2010-07-21,-0.013698664626403567,-0.01299810980509808
2010-07-22,0.025313417068307142,0.022321877943109136
2010-07-23,0.006336028405263372,0.008679266819756615
2010-07-26,0.00824973835086884,0.010415370012533343
2010-07-27,-0.00042987911855807415,-8.941474226931145e-05
2010-07-28,-0.007970959964205049,-0.006455010391523186
2010-07-29,-0.007383252135262253,-0.004871932140499968
2010-07-30,0.0021878437083000524,-0.0001807044988696438
2010-08-02,0.01877267750100109,0.02258044576858098
2010-08-03,-0.004285023912328545,-0.0047892621938179225
2010-08-04,0.01011407024128319,0.0066835018450324135
2010-08-05,-0.002343770935279599,-0.0010624620886443559
2010-08-06,-0.0014946201629220113,-0.004075962944220302
2010-08-09,0.006843834470629417,0.0053385501399101365
2010-08-10,-0.00870914973660486,-0.005398574362822095
2010-08-11,-0.027212047689050944,-0.027407570844643625
2010-08-12,-0.007929265357720539,-0.006129809926357144
2010-08-13,-0.007104894255655969,-0.002945834626493893
2010-08-16,0.0017885907316306238,-0.0004611454263414583
2010-08-17,0.012723084180557453,0.012285244898436076
2010-08-18,0.003967400276684296,0.001825075461633352
2010-08-19,-0.015148076044336656,-0.017397209640567346
2010-08-20,0.0013375013091685428,-0.0032439911260101484
2010-08-23,-0.00979491655636533,-0.003812938447064762
2010-08-24,-0.018660031270679722,-0.014843483000608004
2010-08-25,0.009621738278718261,0.003885298787504654
2010-08-26,-0.012026548508869084,-0.006701811987014583
2010-08-27,0.012172947047025984,0.015490028644588039
2010-08-30,-0.01043782683162453,-0.01450516219779363
2010-08-31,-0.0034396956312569005,0.0
2010-09-01,0.029912547033488,0.02991169595714349
2010-09-02,0.011170908187932538,0.009312234841769351
2010-09-03,0.016570907484845465,0.01297177700836638
2010-09-07,-0.006737825680705356,-0.011272491601074464
2010-09-08,0.012035103696460547,0.007023011403696211
2010-09-09,0.0038921954814030713,0.004619055780945347
2010-09-10,0.0036610338059430703,0.005048661906326135
2010-09-13,0.013948630958645403,0.011122991007645355
2010-09-14,0.004232608608137678,-0.0006212642700861304
2010-09-15,0.006322292259523854,0.0038175507241633433
2010-09-16,0.003979109126370117,-0.00026535709258457274
2010-09-17,0.0033874696443756402,0.0003730721349168853
2010-09-20,0.017503475529520474,0.015290612444555096
2010-09-21,-0.00020479230102732338,-0.002013694217675499
2010-09-22,-0.002662755678955686,-0.004913463455428535
2010-09-23,-0.0004105826510869548,-0.00811132739615017
2010-09-24,0.020340634290923587,0.020622379732647467
2010-09-27,-0.005436800572252154,-0.004790400402957529
2010-09-28,-0.00040502912491402476,0.003500761613713932
2010-09-29,-0.0016202415589391395,-0.0017438339552164894
2010-09-30,-0.004463383163533896,-0.0029706055251232932
2010-10-01,-0.0012226547835421098,0.004205765298872954
2010-10-04,-0.010814304755821014,-0.0075038842682024764
2010-10-05,0.02433977336548887,0.0201322179975012
2010-10-06,-0.00865871267389029,-8.637560641422404e-05
2010-10-07,0.0036564876899076726,-0.001206402239272042
2010-10-08,0.00688102541048452,0.005608865238148075
2010-10-11,0.00040201036824649705,0.0009436276135401656
2010-10-12,0.006831429954517354,0.0030859858667251494
2010-10-13,0.008181918767541152,0.007777407334585318
2010-10-14,-0.001979329255869522,-0.0039011923013615446
2010-10-15,0.021221927414210917,0.002043394982701896
2010-10-18,-0.0036902938545941844,0.004927540660945029
2010-10-19,-0.009356733121382854,-0.013104265805668813
2010-10-20,0.007280776533565403,0.00976628347946984
2010-10-21,0.001953422461240528,0.0022054985653414683
2010-10-22,0.006823777021919941,0.001862281650405917
2010-10-25,0.004841466895544988,0.0029573106572033936
2010-10-26,0.002698016850597451,0.00016870978299676764
2010-10-27,0.003074814864428843,-0.0028642633634630155
2010-10-28,0.0021079369271088666,0.0001693365625634602
2010-10-29,-0.0022944567933737003,0.0007599227737549175
2010-11-01,0.0007666616081023481,0.00033742066841013774
2010-11-02,0.010723700307116335,0.007930930603781805
2010-11-03,0.004547180728065925,0.004017524403559847
2010-11-04,0.012259617287762481,0.01925831858467464
2010-11-05,0.0,0.0037625420133169385
2010-11-08,0.0013044307138807554,-0.0018743015108525496
2010-11-09,-0.005396681342430876,-0.007184470167802881
2010-11-10,0.005051536305125559,0.00402908110214395
2010-11-11,-0.006328956285466925,-0.0037671431535085675
2010-11-12,-0.016298659288771167,-0.01183814389359883
2010-11-15,-0.0038085526350850607,-0.0014142879310341527
2010-11-16,-0.01644021413178498,-0.015579369072464488
2010-11-17,0.0029151136844194347,0.0005076726377701846
2010-11-18,0.016085455789888625,0.014718369270459997
2010-11-19,0.0007629225638601245,0.002750597526609999
2010-11-22,0.008386000526672044,-0.0008308869541844288
2010-11-23,-0.01587635431264023,-0.01447737447351749
2010-11-24,0.02016543113814051,0.014774324817800055
2010-11-26,-0.0065893531048224485,-0.011647428147868677
2010-11-29,-0.0007576758178283738,0.003030307411631794
2010-11-30,-0.012137478147646874,-0.005622752101091533
2010-12-01,0.021117148600701796,0.021267734730563648
2010-12-02,0.010152541731952125,0.012809048168213266
2010-12-03,0.002605704196462222,0.002692410837541015
2010-12-06,-0.0003711832572244056,-0.0010574149776200192
2010-12-07,0.0005571846245300272,0.0005702142558667855
2010-12-08,0.0037118734423120525,0.0036633977823179453
2010-12-09,0.0009245568110447522,0.0038931974525300284
2010-12-10,0.006650579347847296,0.00581780199569204
2010-12-13,-0.003486961089417373,0.0006430983003715696
2010-12-14,0.0018419442118147167,0.0008829516754098599
2010-12-15,-0.004412088344007192,-0.004572467149093984
2010-12-16,0.007754968319239719,0.005802107302184556
2010-12-17,0.0008808375415123582,0.0010711772296845279
2010-12-20,0.000733665438474862,0.0024132907347829136
2010-12-21,0.006048502395382016,0.006340600168947219
2010-12-22,-0.00018182221476314986,0.003110125952886955
2010-12-23,-0.0025512220404464436,-0.0014310167690585462
2010-12-27,0.0005483165056980877,0.00039819879066316233
2010-12-28,-0.0018263482405164178,0.0014324171020698717
2010-12-29,0.0021954362958684914,0.000715224047886931
2010-12-30,-0.0023728605665650493,-0.0015881887352823254
2010-12-31,-0.0036589305128937877,0.00023856329254434705
2011-01-03,0.015607761988921443,0.010338101196568417
2011-01-04,-0.0007234228687152955,-0.0005512424037048547
2011-01-05,0.008503786606222308,0.005197660296943907
2011-01-06,0.003229389614125111,-0.0019586220712209945
2011-01-07,-0.0008941607277709318,-0.001962544699492197
2011-01-10,0.003758711087494815,-0.0012583909529295667
2011-01-11,0.0014265910248414393,0.003543891674632871
2011-01-12,0.007122716105867344,0.0090241302075722
2011-01-13,0.0003537559702588844,-0.0016331122498114414
2011-01-14,0.007422546162326071,0.00724499015805069
2011-01-18,0.002807131120569517,0.0017014406899291679
2011-01-19,-0.011371541562328225,-0.009805389918580043
2011-01-20,-0.007078446800563243,-0.0013253996398882029
2011-01-21,-0.00766313710700961,0.0022637503391074176
2011-01-24,0.013828468708760422,0.0056871904327169265
2011-01-25,0.001417395380025388,0.0005421777545806528
2011-01-26,0.005307381468969474,0.0038707664343196058
2011-01-27,0.006158129297371584,0.002467753981120424
2011-01-28,-0.02535850236228665,-0.01746309955538694
2011-01-31,0.004844914652356813,0.007516610083219799
2011-02-01,0.018749927430822044,0.01600895935593627
2011-02-02,-0.0015775029099623916,-0.0019124110216869328
2011-02-03,0.0017556695731184568,0.002222481026417533
2011-02-04,0.005607975107005503,0.0028290049787720317
2011-02-07,0.004705519806236458,0.006252619084623934
2011-02-08,0.006591709665320078,0.004546368826474856
2011-02-09,-0.0017230713790572505,-0.002262972267899621
2011-02-10,0.0015533128690765619,0.00037842275977340023
2011-02-11,0.007238554055203572,0.005969753582736992
2011-02-14,0.002396034024922722,0.002403979746676388
2011-02-15,-0.0013660066449142638,-0.003147425823294414
2011-02-16,0.006496008381060792,0.006315482438143727
2011-02-17,-0.00033959493927948614,0.0029882663519631425
2011-02-18,-0.0022084876715631196,0.002085666556436383
2011-02-22,-0.02894612382436701,-0.020069573265492857
2011-02-23,-0.00824119590961947,-0.006144427087506843
2011-02-24,0.005303484816500559,-0.0006873526046751177
2011-02-25,0.01389408004052295,0.010692690826635598
2011-02-28,0.0020815726058112105,0.00619709276673408
2011-03-01,-0.016098431627782128,-0.016673333363024567
2011-03-02,0.005278359348548589,0.0021389373497013864
2011-03-03,0.019775510907014793,0.017224044720468346
2011-03-04,-0.00514807502689707,-0.007492427109160649
2011-03-07,-0.013455493168971433,-0.007850965050178016
2011-03-08,0.004021663339507375,0.008749871045395263
2011-03-09,-0.006791772505488902,-0.0014324461214142437
2011-03-10,-0.015606476372052591,-0.018506163305503254
2011-03-11,0.006234755716008955,0.00692632495435519
2011-03-14,-0.003540167970838781,-0.006038050604058598
2011-03-15,-0.014212299071271861,-0.011457135325103285
2011-03-16,-0.02414838836419253,-0.018512181482158163
2011-03-17,0.009233720025949577,0.013234446249803522
2011-03-18,-0.002254131283084493,0.0036372278358540733
2011-03-21,0.019283875092747094,0.015498191227545588
2011-03-22,-0.0018019070582165897,-0.0034686158835733893
2011-03-23,0.005595767231060034,0.0028616917613293325
2011-03-24,0.017770767703516377,0.009563336681009282
2011-03-25,0.002468926108601499,0.003055926622287375
2011-03-28,-0.005453695567790406,-0.002437171158911622
2011-03-29,0.009729181701892298,0.006718442243149214
2011-03-30,0.004729998586100237,0.0069013671359892115
2011-03-31,0.0013950099084532042,-0.0013559188658671673
2011-04-01,0.000522276658816434,0.004223781229552692
2011-04-04,-0.0033066069495474304,0.0008260810417746178
2011-04-05,-0.002618983448791634,-0.0001501203704030729
2011-04-06,0.002450848939741679,0.0031526255631109112
2011-04-07,-0.0006984109685453932,-0.0025438089194064206
2011-04-08,-0.004718730244220204,-0.003450988257677312
2011-04-11,-0.0033362943541935808,-0.003010317786063199
2011-04-12,-0.006870893022620228,-0.007474062110108148
2011-04-13,0.00851495362100052,-7.612021360858812e-05
2011-04-14,-0.0017583514989029103,0.0007604226972739436
2011-04-15,-0.0017622934171698246,0.0036492180496974225
2011-04-18,-0.007061541388198811,-0.011209423743699487
2011-04-19,0.0062227040574822645,0.00574497713085198
2011-04-20,0.0226146038107764,0.01363167757896444
2011-04-21,0.007947611312183689,0.005108875253458711
2011-04-25,0.002571098096643354,-0.0010463093042009097
2011-04-26,0.005641969512041545,0.008605317092249765
2011-04-27,0.0068003609177278435,0.00652816554442448
2011-04-28,-0.0015196911933336166,0.0032433919669065947
2011-04-29,-0.0008456807014779466,0.002350823648522793
2011-05-02,-0.0018617772216598105,-0.0015388691545308308
2011-05-03,-0.004748143968827057,-0.0035974042737606515
2011-05-04,-0.0015337115835171167,-0.006630566921619119
2011-05-05,-0.0054604908068711655,-0.009048485091847192
2011-05-06,0.003260231479276454,0.004415864214647236
2011-05-09,0.0037624746608886372,0.0038750446498150293
2011-05-10,0.008519390655556291,0.00853573581211653
2011-05-11,-0.007264597424919472,-0.01052510164228182
2011-05-12,0.005956000749923085,0.00476102071448592
2011-05-13,-0.011842210899903227,-0.007698933822241072
2011-05-16,-0.017291533914410517,-0.00634175615749355
2011-05-17,0.002787664945130386,-0.00014982361913007392
2011-05-18,0.008338913630625333,0.008935530043648443
2011-05-19,0.0029288628475447887,0.002381740836029156
2011-05-20,-0.007558712754990871,-0.007944570132972784
2011-05-23,-0.014713587574495368,-0.011600818937732793
2011-05-24,-0.006148690311278515,-0.0008332024863155763
2011-05-25,0.0038890750085525116,0.00333483073326013
2011-05-26,0.006163070090889455,0.004607512544176462
2011-05-27,0.005074854930059436,0.003834612490594358
2011-05-31,0.016193687471256046,0.010411243207198995
2011-06-01,-0.021761386974992192,-0.02246121583773364
2011-06-02,0.0021020059890912712,-0.0010616157565664919
2011-06-03,-0.01503249797366113,-0.009944773626567316
2011-06-06,-0.00816317061202898,-0.010581336630195226
2011-06-07,-0.0017894113164242942,-0.0006196539818041913
2011-06-08,-0.007169695099323192,-0.004187469439450586
2011-06-09,0.0018054070477746542,0.007631264815105565
2011-06-10,-0.01531775440751304,-0.013910151443871754
2011-06-13,0.0,0.0007836612588132397
2011-06-14,0.01281099554623455,0.012686123686257877
2011-06-15,-0.018973976072261367,-0.017785639824058896
2011-06-16,-0.0038676282867595724,0.0022045392661840246
2011-06-17,-0.0031321270091603237,0.0029840974702974865
2011-06-20,0.005205385043860256,0.005115928438608419
2011-06-21,0.021453849038858053,0.013704122980812361
2011-06-22,-0.007242952836688743,-0.006025587650380082
2011-06-23,0.009301836506068417,-0.0028752269452669843
2011-06-24,-0.01734734276299288,-0.011613705025708021
2011-06-27,0.0159984219937106,0.008910903995716701
2011-06-28,0.014841648060141877,0.013052859019782481
2011-06-29,0.004102095248730064,0.008564507132287291
2011-06-30,0.013321307233638668,0.00956255502523784
2011-07-01,0.015075000028580199,0.014775900440507028
2011-07-05,0.005007435357885948,-0.0008214436424002214
2011-07-06,0.0032642816805992236,0.0011956335041720667
2011-07-07,0.013701505698672234,0.010375451543688907
2011-07-08,-0.0027034092913331698,-0.007092169884847066
2011-07-11,-0.0181264827683435,-0.018080054236383925
2011-07-12,-0.0075909093330098765,-0.004319576036385109
2011-07-13,0.0041720909467901635,0.0033487144163568683
2011-07-14,-0.011599791061487563,-0.006902503134583182
2011-07-15,0.013311987117328616,0.005804526386682607
2011-07-18,-0.0053583675592268065,-0.008200716058798574
2011-07-19,0.02276688923997927,0.016231387834781064
2011-07-20,-0.004248250939676179,-0.0006026811320142267
2011-07-21,0.006655471697161186,0.01387122637330962
2011-07-22,0.010340836464111547,0.0006692821414067129
2011-07-25,-0.0020135725925347625,-0.0055731028933696525
2011-07-26,0.002521952684366502,-0.0037360010643462394
2011-07-27,-0.02582611122810108,-0.020475423643555257
2011-07-28,0.0017213082421676518,-0.0029097480945500243
2011-07-29,-0.003264768682848529,-0.006834970848959121
2011-08-01,-0.00465527507758734,-0.004252448595905789
2011-08-02,-0.025290056962993912,-0.025547410543041216
2011-08-03,0.009596336034337627,0.005418938080808067
2011-08-04,-0.04647071690531268,-0.04684144514700417
2011-08-05,-0.006276376815700591,-0.0014971179237889265
2011-08-08,-0.06018968975704064,-0.06512309161943353
2011-08-09,0.04823127165617036,0.046499064637790966
2011-08-10,-0.04092007213583315,-0.044177576941969665
2011-08-11,0.044041918532700786,0.044883615789948816
2011-08-12,0.008851319096043087,0.006733234303449409
2011-08-15,0.014747057921646434,0.021164873139327023
2011-08-16,-0.008461789491870264,-0.008539147183304063
2011-08-17,-0.0059372269396721356,0.0006690674265918961
2011-08-18,-0.049085659600190734,-0.043118963280234235
2011-08-19,-0.018056334980024014,-0.016330039311720945
2011-08-22,0.003597282674962843,0.0007987563624236582
2011-08-23,0.041227050391609454,0.03291058798525026
2011-08-24,0.00784268782468045,0.01408458051870487
2011-08-25,-0.016322338584013774,-0.01524395411928825
2011-08-26,0.025081957957763468,0.014533784847333031
2011-08-29,0.027856211611851922,0.028736416639042694
2011-08-30,0.006592214408236652,0.0026366622332536505
2011-08-31,0.0016376361437306919,0.004437794763163305
2011-09-01,-0.009081269938989944,-0.010473009913016473
2011-09-02,-0.023460435095763454,-0.025549907330854382
2011-09-06,0.0001878581147320979,-0.007296958389524932
2011-09-07,0.025333236620621813,0.028207045798815944
2011-09-08,-0.004575417883471711,-0.010391699356225748
2011-09-09,-0.022246625549804278,-0.02620934651428497
2011-09-12,0.012786839272713069,0.006469965623233875
2011-09-13,0.013367610292129184,0.009171027787067132
2011-09-14,0.01429077969833159,0.013844154433798384
2011-09-15,0.014812080447302867,0.01725729864288117
2011-09-16,0.00916615573742452,0.005918471881231069
2011-09-19,0.0003536222738931283,-0.009957202705712542
2011-09-20,-0.0044159942986586875,-0.0011637789309159041
2011-09-21,-0.017388417034322035,-0.02945788787169845
2011-09-22,-0.032502715011769934,-0.032324454300849625
2011-09-23,0.01063828925539112,0.006024809733725878
2011-09-26,0.011634335487676672,0.023780405657736647
2011-09-27,0.01040477384321048,0.011184126868325261
2011-09-28,-0.014814309511460122,-0.020419383533783475
2011-09-29,-0.011920240859316866,0.007903841244473853
2011-09-30,-0.025797780973756956,-0.02498920741123245
2011-10-03,-0.02571902170120488,-0.02845788914988201
2011-10-04,0.02053139092189915,0.021923153698460984
2011-10-05,0.025675691295637737,0.018514809775431518
2011-10-06,0.016812923221510845,0.018091745969378348
2011-10-07,-0.006613889398967565,-0.006696278223905283
2011-10-10,0.034584701053594014,0.03344562470343937
2011-10-11,0.006793323096631276,0.0010037803315059435
2011-10-12,0.004971360773039946,0.008772118585529398
2011-10-13,0.009187184592127862,-0.001987615349746341
2011-10-14,0.018557210327941664,0.017094026930885686
2011-10-17,-0.01546894116167441,-0.019090968975973066
2011-10-18,0.012395205483966887,0.01954566863447793
2011-10-19,-0.01931375905792021,-0.011829120274037597
2011-10-20,-0.004923665217322237,0.0043755413300095025
2011-10-21,0.012546726877294523,0.018987439180171872
2011-10-24,0.020767726092480343,0.012260837314832962
2011-10-25,-0.019661451734578894,-0.019443705643839237
2011-10-26,-0.001220845686543237,0.010158417826463761
2011-10-27,0.027588690926046322,0.03483491300457353
2011-10-28,0.0015292678127951653,-0.00023305829476494289
2011-10-31,-0.016796701760519506,-0.024105663342539163
2011-11-01,-0.0260570365202325,-0.027888279844754504
2011-11-02,0.008504721649953861,0.016311059079140877
2011-11-03,0.02073085503139893,0.018227694327584976
2011-11-04,-0.005163412319060368,-0.006099510775763095
2011-11-07,0.00709317895349848,0.006216368892417279
2011-11-08,0.011509910632639508,0.012830873124732856
2011-11-09,-0.03515613223947267,-0.036909784930109435
2011-11-10,-0.0005281882470857813,0.009418876105657947
2011-11-11,0.018844516856687754,0.01882215164105716
2011-11-14,-0.006222663877198387,-0.009474051169387487
2011-11-15,0.011132420377429453,0.0049417632055082095
2011-11-16,-0.0165150050585392,-0.015863141450784157
2011-11-17,-0.023438359951713283,-0.01587683312226873
2011-11-18,-0.007702135184980086,-0.0010643571385108297
2011-11-21,-0.019133589024423747,-0.019019574289199426
2011-11-22,0.003312301831337905,-0.003927739072480341
2011-11-23,-0.02256030767435424,-0.02206581343260572
2011-11-25,-0.007693809949081976,-0.0018872069990867324
2011-11-28,0.034795875740387894,0.02896673865362387
2011-11-29,-0.006213526473494824,0.0028402373915432655
2011-11-30,0.03696230450202509,0.04114940834640435
2011-12-01,0.006915662960308877,-0.00016002906679513096
2011-12-02,-0.0028176773789975185,-0.000880261103961888
2011-12-05,0.010950194737921581,0.010892275734954326
2011-12-06,-0.002795184603420209,0.0003168607101666776
2011-12-07,0.0,0.003722659804493711
2011-12-08,-0.016818649591761714,-0.021936672609138674
2011-12-09,0.016037068010451128,0.016942441417197696
2011-12-12,-0.011224410731946577,-0.01459721550453208
2011-12-13,-0.010996426973337692,-0.0093391728819745
2011-12-14,-0.01560254895415214,-0.010645832519834975
2011-12-15,-0.002732923085194572,0.003613893973401172
2011-12-16,0.0051485503325321424,0.0014828730113218835
2011-12-19,-0.00984295319673345,-0.010691837749888577
2011-12-20,0.029639100421684716,0.030259967879658012
2011-12-21,-0.01430382828814325,0.0019368810170568018
2011-12-22,0.008525399516498666,0.008858829324470907
2011-12-23,0.008632956124192237,0.008941040637043152
2011-12-27,0.0037301864468219925,0.0007906569291216137
2011-12-28,-0.011557249860377428,-0.013123205966732221
2011-12-29,0.007195162212935369,0.010333886846162876
2011-12-30,-0.002857581892843908,-0.004916066023170296
2012-01-03,0.019165361890425503,0.01593634717282222
2012-01-04,0.0042177825541998,0.0015683970276663128
2012-01-05,0.00822535303342331,0.002662477461604418
2012-01-06,0.0034715520199226635,-0.0025773683348595533
2012-01-09,-0.0032864864121043835,0.002427546688571036
2012-01-10,0.007288925931822954,0.008670850936539187
2012-01-11,0.002067842362179162,0.0005419676941817997
2012-01-12,0.003954541578921944,0.002399016711740032
2012-01-13,-0.0035964396639344143,-0.005173305506425696
2012-01-17,0.009109826575850022,0.0038808626883219954
2012-01-18,0.013285592106629274,0.011056110948524989
2012-01-19,0.006219181074782476,0.005276429499102786
2012-01-20,-0.001503222651376257,0.0037276576803393358
2012-01-23,0.00033447201379210867,-0.0025771680651103246
2012-01-24,-0.0018394148465464832,-0.001139582684596463
2012-01-25,0.012566611320229848,0.008367497413075409
2012-01-26,-0.003474816434410055,-0.005129579587909272
2012-01-27,0.0029889021786420056,-0.0004546011345321066
2012-01-30,0.0008282457053052639,-0.003414046424310091
2012-01-31,0.001322909215900392,-0.0003804548282393405
2012-02-01,0.0080953190443811,0.008757014986419565
2012-02-02,0.0031137391588249574,0.0015853551324060966
2012-02-03,0.013723344638725488,0.014018494654547409
2012-02-06,-0.0008058032325355402,-0.0006688588788985594
2012-02-07,0.0020964990662160066,0.002529101582077864
2012-02-08,0.005311594007754383,0.0029672888322782587
2012-02-09,0.007204555695761838,0.0012576653431968232
2012-02-10,-0.006993720179995222,-0.007388003033340196
2012-02-13,0.009284056072520697,0.007442991879926142
2012-02-14,0.0025376735633495517,-0.001256085607859725
2012-02-15,-0.006960732519477486,-0.00466015582787449
2012-02-16,0.013700561518182663,0.011073122966871685
2012-02-17,-0.0031433137587957294,0.002646175317906563
2012-02-21,0.0028379164338712126,0.0004400095954855132
2012-02-22,-0.004558836992929249,-0.0032242839066487505
2012-02-23,0.0066328510341706615,0.0044108677459031576
2012-02-24,0.0034515964252403997,0.0021951362737515634
2012-02-27,0.0014069969284680184,0.0016800232879641275
2012-02-28,0.01014834217419347,0.002916663885439652
2012-02-29,-0.004482568753391258,-0.0039259773042028545
2012-03-01,0.007918312245712489,0.005182176182063625
2012-03-02,-0.0007701802714643602,-0.0030496179400389956
2012-03-05,-0.010328503638932562,-0.004078165240040121
2012-03-06,-0.00981263452118386,-0.014625740863348224
2012-03-07,0.007707643952565624,0.006975947352002354
2012-03-08,0.010771445266485546,0.009949086493758807
2012-03-09,0.004169825195185606,0.0038676031075877138
2012-03-12,0.0004611979030388902,7.277620914947214e-05
2012-03-13,0.018601381507005854,0.01802614944412184
2012-03-14,0.0034711152551463176,-0.0010710405343646867
2012-03-15,0.002857708002310666,0.005789454130748828
2012-03-16,-0.0007061505381196209,0.0013847450541222273
2012-03-19,0.007065392366004897,0.003920394139437899
2012-03-20,0.0017913726118816697,-0.0029115034203676116
2012-03-21,0.00014952861826622588,-0.0016376566818346872
2012-03-22,-0.0020861428721715702,-0.007203318295399441
2012-03-23,-0.0005973420790571504,0.0032327382858565734
2012-03-26,0.017478217832762377,0.01403500595846241
2012-03-27,0.0014682627745514765,-0.0031069844614785014
2012-03-28,-0.003958497376947312,-0.004959007509746982
2012-03-29,-0.003826781562863979,-0.001708270016909652
2012-03-30,-0.0019210598965226922,0.004136233960272184
2012-04-02,0.010363429914746147,0.007314553868387641
2012-04-03,-0.0002934927144433441,-0.0040893538111985706
2012-04-04,-0.01363038463577304,-0.009910452061076325
2012-04-05,0.006240795480810357,-0.0005007278950709404
2012-04-09,-0.007531263471788341,-0.011230968942683162
2012-04-10,-0.016069261109133537,-0.01678475354925446
2012-04-11,0.004839836682352772,0.008094288956934426
2012-04-12,0.01143651191972328,0.013065557011632478
2012-04-13,-0.015175800147816276,-0.011888579568165691
2012-04-16,-0.01118037500837099,-0.0006564598183339543
2012-04-17,0.020321147393224548,0.014812839334106265
2012-04-18,-0.0025460162727105606,-0.0033794342962438773
2012-04-19,-0.011259369038348566,-0.006421151629577793
2012-04-20,-0.0027331622108769382,0.0016700004996124118
2012-04-23,-0.009135115250544446,-0.008408766608838047
2012-04-24,-0.005377713262196382,0.003801516063580035
2012-04-25,0.026572068299656415,0.013691491901850705
2012-04-26,0.00586862014972378,0.006969291318067228
2012-04-27,0.005983802722224318,0.0016404379349699294
2012-04-30,-0.007138147039602694,-0.0037036861203334492
2012-05-01,0.0016476843976453992,0.006220143741009654
2012-05-02,0.002840913858379812,-0.0029843975337578987
2012-05-03,-0.010587060055406106,-0.007625229644348086
2012-05-04,-0.024868054076118362,-0.016158096768528418
2012-05-07,0.0009271882081993699,0.0007299621525749256
2012-05-08,-0.003705983778206634,-0.004011827584925021
2012-05-09,-0.003099450878155441,-0.005931655431236416
2012-05-10,-0.0020214134003792017,0.0020629816677686375
2012-05-11,-0.00015579277476551745,-0.0030147454249002115
2012-05-14,-0.0093485522497877,-0.011061014974392158
2012-05-15,-0.0033029008912504043,-0.005741678618600088
2012-05-16,-0.006785637298154512,-0.003824456927189801
2012-05-17,-0.02113105756915079,-0.014831617042361689
2012-05-18,-0.012985200662605445,-0.008558312162005532
2012-05-21,0.027956023053118617,0.017188377647509023
2012-05-22,-0.001119720545591174,0.0017426143136198835
2012-05-23,0.0019219096665130664,0.0005297412845881588
2012-05-24,-0.006553928635121942,0.0019655630391450796
2012-05-25,-0.0012870435623932863,-0.00324493361849143
2012-05-29,0.012727437716146817,0.012112326386699124
2012-05-30,-0.008431445114963632,-0.014509975035104317
2012-05-31,-0.004331859581495512,-0.0022009507375196913
2012-06-01,-0.02658703098968862,-0.02517684019670119
2012-06-04,0.00761481867820768,-0.0004682790465890818
2012-06-05,0.004107109455179669,0.007572489478105071
2012-06-06,0.022905397623294244,0.02246828805543455
2012-06-07,-0.003998372705524833,0.0006058264056683083
2012-06-08,0.009635296543573979,0.007951806692343855
2012-06-11,-0.016860069496504537,-0.012697337317758906
2012-06-12,0.012133947484850083,0.011490465212652845
2012-06-13,-0.006873701461882709,-0.006394580998542176
2012-06-14,0.0037023881779221224,0.0106005053118301
2012-06-15,0.01242378962992885,0.010227440295013324
2012-06-18,0.009366596499057467,0.001938057470480592
2012-06-19,0.01038060338594815,0.009672849281434193
2012-06-20,0.0007783826278833228,-0.0016215953647106263
2012-06-21,-0.024887196515675947,-0.02243857499383728
2012-06-22,0.010528111851451527,0.007701542620371038
2012-06-25,-0.019258147199226472,-0.01603447930702373
2012-06-26,0.006276908822708149,0.005025707716814765
2012-06-27,0.006078236424304162,0.00901652303945899
2012-06-28,-0.011128824921699865,-0.002853538446984216
2012-06-29,0.031511366881571634,0.024926810684714695
2012-07-02,0.0029612329564334683,0.003012201842671036
2012-07-03,0.008391519666737457,0.0065928279272411405
2012-07-05,0.0006170259614104445,-0.004511810469330468
2012-07-06,-0.012475365351501178,-0.009503701226176386
2012-07-09,-0.0018715605005370506,-0.0012543358213020772
2012-07-10,-0.009843914635475626,-0.008720256148517014
2012-07-11,-0.005522667863362529,0.0001488017569510891
2012-07-12,-0.009362270926211225,-0.004844749885617006
2012-07-13,0.015216803058728523,0.01677774411646893
2012-07-16,-0.002839914857587389,-0.0023574042995422317
2012-07-17,0.005221713475873191,0.0068668757216669984
2012-07-18,0.01353669028701976,0.007406561480502782
2012-07-19,0.011026588939290649,0.002621346687491366
2012-07-20,-0.013210496455608345,-0.009148425250868564
2012-07-23,-0.012141817131965715,-0.010112030953933981
2012-07-24,-0.007879158416446264,-0.008587277132700577
2012-07-25,-0.006670945939244999,0.0002244627891223594
2012-07-26,0.013271474241788983,0.016497187856922668
2012-07-27,0.023670644266854834,0.018433140784084756
2012-07-30,-0.000770823161735823,0.0
2012-07-31,-0.0003083811035060613,-0.006995002795990191
2012-08-01,-0.002931986174257384,-0.0008711526128666325
2012-08-02,-0.003559841216099091,-0.006904427567647753
2012-08-03,0.018949438110559713,0.019832737479395846
2012-08-06,0.007622193978259251,0.0019377424321018744
2012-08-07,0.00832114553372798,0.00501370634692111
2012-08-08,-0.00045032297913527586,0.0012115073322114256
2012-08-09,0.0030017820657095573,0.0008540529375395955
2012-08-10,0.0005985596674669136,0.0016357748991215892
2012-08-13,0.0023934504910239074,-0.0004966883405285172
2012-08-14,0.0004473871894214998,0.00014193199718692817
2012-08-15,0.0025350879406997873,0.0011366107653543178
2012-08-16,0.011901177542591457,0.00737816406295666
2012-08-17,0.004410950552722115,0.0013382456133603782
2012-08-20,0.0014637337785736726,7.050227867066994e-05
2012-08-21,-0.003945795069776437,-0.003024526548511486
2012-08-22,0.00410852464839917,0.0004233728501963352
2012-08-23,-0.008183805052135673,-0.008179223452314366
2012-08-24,0.006188277194770331,0.006042269893092644
2012-08-27,0.001610290930014413,0.00021264619167271626
2012-08-28,0.0,-0.000989497056757771
2012-08-29,0.0,0.0007776655716686953
2012-08-30,-0.010087658385755538,-0.007207438013738465
2012-08-31,0.006646367243604789,0.004768884460414791
2012-09-04,-0.0010269492846260997,-0.0009208038887351666
2012-09-05,-0.0010286374174844903,-0.0008509210752207785
2012-09-06,0.02220004349225735,0.020296876777577744
2012-09-07,-0.0014383846491379249,0.003894900425260195
2012-09-10,-0.012818544025562928,-0.005681826626863673
2012-09-11,-0.0016046686112093367,0.0027875020434886544
2012-09-12,0.002922508836841864,0.0033355686548968144
2012-09-13,0.013550674528251871,0.015236432914671472
2012-09-14,0.008913397849190874,0.004434341571817546
2012-09-17,0.0004274267065360604,-0.0033958253407895267
2012-09-18,0.0008546721803193158,-0.0008182083622449987
2012-09-19,0.001849932640586971,0.0005459410853154711
2012-09-20,-0.0009939676865692304,6.846296652018857e-05
2012-09-21,0.0002850168101751205,-0.00041826014943846523
2012-09-24,-0.005845127861406785,-0.001507975701370956
2012-09-25,-0.014051998662934051,-0.010642226834572277
2012-09-26,-0.008144476340833262,-0.005621100585271099
2012-09-27,0.013783136529271989,0.009421617891387735
2012-09-28,-0.008243983608543726,-0.004632204517080019
2012-10-01,-0.0014582574052574016,0.0026395434600359202
2012-10-02,0.002920962188537324,0.0010389946525672933
2012-10-03,0.00640725096686845,0.004083065788372364
2012-10-04,0.0034722979453571945,0.007167615853226117
2012-10-05,-0.005334690384684815,6.829871614999483e-05
2012-10-08,-0.009132907849734195,-0.003421140413765067
2012-10-09,-0.015947715982356336,-0.009887083816745634
2012-10-10,-0.005054783348415692,-0.00637995478634501
2012-10-11,-0.003137929868448075,0.000558205478374596
2012-10-12,-0.0004497327575569976,-0.003278557870243781
2012-10-15,0.007348231742789757,0.00832819433720533
2012-10-16,0.014143436278528432,0.010133211334747427
2012-10-17,-0.000587105785317954,0.004534451192855116
2012-10-18,-0.011604263855043873,-0.002598819044295597
2012-10-19,-0.023926034411541952,-0.016664657914894354
2012-10-22,0.005176771812325898,0.0001399516980624682
2012-10-23,-0.009542898392951304,-0.01387654497667723
2012-10-24,-0.0035172258503295417,-0.0028282852668407577
2012-10-25,0.0,0.002907287049305207
2012-10-26,0.002915864383310929,-0.0005657130309036917
2012-10-31,-0.006120900850999367,0.0
2012-11-01,0.014164740073555393,0.010470551415463936
2012-11-02,-0.010627195121649113,-0.008892131843535989
2012-11-05,0.006597904942149624,0.0020494696983452965
2012-11-06,0.0018295676352881873,0.007824870270970008
2012-11-07,-0.023585050202442503,-0.022663965054078083
2012-11-08,-0.015739121276168944,-0.012023913710050849
2012-11-09,0.0042747561839597825,0.0008694439360079631
2012-11-12,-0.00015759522681424443,0.0007963096387164637
2012-11-13,-0.0069378557834614,-0.00347206000756739
2012-11-14,-0.011749872487791357,-0.013498795077256154
2012-11-15,-0.0033742937594882783,-0.0016915293027518485
2012-11-16,0.004352907989941812,0.004937019109158003
2012-11-19,0.02375624764928075,0.020239256256657123
2012-11-20,0.0003133934532613125,0.0004310373073490581
2012-11-21,0.0020371932297531536,0.0018679991406660434
2012-11-23,0.015173701344605384,0.013625011267640152
2012-11-26,0.0043138417281038954,-0.0021220242512548504
2012-11-27,-0.0033751942001523094,-0.00510513240433641
2012-11-28,0.008620643498356673,0.008052842571869556
2012-11-29,0.00595245233997832,0.0046655078718489396
2012-11-30,-0.0016689055987200163,0.0002110868289599832
2012-12-03,-0.0019757943816491874,-0.004924456347784045
2012-12-04,-0.0006094018145789137,-0.0014137741426893946
2012-12-05,-0.011122214686562715,0.0017696853287716419
2012-12-06,0.006471192646468227,0.003392188247254957
2012-12-07,-0.005970348230214029,0.003029040050481324
2012-12-10,0.002925861939894858,0.00042104141891097235
2012-12-11,0.013052567195005027,0.006808373958893776
2012-12-12,-0.002121905557107895,0.0004876653528371744
2012-12-13,-0.007899184844982532,-0.006131504628062001
2012-12-14,-0.009493126393710583,-0.0037156620869182033
2012-12-17,0.013294185945093684,0.011752150753412183
2012-12-18,0.015255335459968933,0.011128893707872844
2012-12-19,-0.004357160715870001,-0.0074294331950499615
2012-12-20,0.0,0.005752104599021868
2012-12-21,-0.010517400093771667,-0.009077171901503478
2012-12-24,-0.0019935423870900415,-0.003081364063922898
2012-12-26,-0.008760390963306386,-0.004214730705729974
2012-12-27,-0.001550228810356269,-0.0013403771985043278
2012-12-28,-0.009627256687702035,-0.010808029136544883
2012-12-31,0.02116634568042408,0.01699600162452275
2013-01-02,0.0317827274965965,0.025630545032448326
2013-01-03,-0.00520824364385275,-0.0022598927426273896
2013-01-04,-0.0032909823468285637,0.004392230745800196
2013-01-07,0.00030018553952926297,-0.0027329340163727567
2013-01-08,-0.001950364186080411,-0.0028770652061104185
2013-01-09,0.003758138519732279,0.0025418831744803416
2013-01-10,0.005990802654998406,0.007949587709931816
2013-01-11,0.0013398478742470132,-6.809994347700687e-05
2013-01-14,-0.004460606860928862,-0.0006801290215100453
2013-01-15,-0.004928078382956169,0.0006805919118211268
2013-01-16,0.004051799821875424,-0.00013601270726715242
2013-01-17,0.004783203524677981,0.0064604672806301
2013-01-18,-0.0022311871468171374,0.0022299447322762234
2013-01-22,0.0016406989084480905,0.005393058387627381
2013-01-23,0.006102466545189866,0.0016091548427119573
2013-01-24,-0.013759549389967374,0.0002679013037412137
2013-01-25,0.0051005383805535764,0.00562190666536555
2013-01-28,0.0022389589306226476,-0.0011975657167632159
2013-01-29,0.00014893047948105753,0.003931811380612826
2013-01-30,-0.002084398326530068,-0.003916412784256473
2013-01-31,-0.002238098881957251,-0.0024655806064010077
2013-02-01,0.011813556800207348,0.010287311036128344
2013-02-04,-0.017439882349444047,-0.011240341793911757
2013-02-05,0.01474150846102873,0.010097699499732826
2013-02-06,-0.0032619828004197826,0.0007283270112405926
2013-02-07,0.0008930223153333916,-0.0013231339396120312
2013-02-08,0.010252472163318371,0.005564308246267968
2013-02-11,0.00029392971085484554,-0.0001978205103071451
2013-02-12,-0.00411700892090805,0.0016467786411840102
2013-02-13,0.0035438495107866785,0.0008555176198363768
2013-02-14,-0.0002945187411107497,0.0009203005424702759
2013-02-15,-0.0029432271683087485,-0.0011822188567006675
2013-02-19,0.007232271332922036,0.007494580992905897
2013-02-20,-0.015386793971759793,-0.012463240732931702
2013-02-21,-0.010715721337860473,-0.006079103372503281
2013-02-22,0.010079778546037144,0.00977298157540174
2013-02-25,-0.012361923865105928,-0.019027326363330155
2013-02-26,0.0037697816134729667,0.00684582954264501
2013-02-27,0.010215758466304292,0.012598433183622637
2013-02-28,-0.00208172887900937,-0.001974617423421643
2013-03-01,0.004173415799554325,0.0032974768956188782
2013-03-04,0.004452281139746939,0.005325395270149524
2013-03-05,0.014774964713578198,0.008958969405192807
2013-03-06,-0.0024751678059319326,0.0013609603562478867
2013-03-07,0.0026275328242151286,0.0018121059900606529
2013-03-08,0.001164980656596537,0.00426415537180902
2013-03-11,0.002907758684281614,0.0037956696614338536
2013-03-12,-0.0036247019116842916,-0.0022430139826821183
2013-03-13,-0.0013098758675131883,0.0014133326899532506
2013-03-14,0.003351781925987174,0.005323498240244584
2013-03-15,-0.0027804308567115354,-0.0013199251550819469
2013-03-18,-0.00218977816230137,-0.005518893784645429
2013-03-19,-0.001901237246949683,-0.0023229114153053843
2013-03-20,0.007034496882992292,0.0069849596885120935
2013-03-21,-0.011351610427070447,-0.008542291195896112
2013-03-22,0.009715808920208513,0.008033302734889558
2013-03-25,-0.003644938753811444,-0.0041774234148797
2013-03-26,0.0054138175405593625,0.008002218757922508
2013-03-27,0.0013100182167433694,0.0
2013-03-28,0.002471213961256602,0.0030731666710865913
2013-04-01,-0.0068141712524807385,-0.003957521319298607
2013-04-02,0.007882831124650824,0.004934836684340249
2013-04-03,-0.009125304287368796,-0.01013908353211046
2013-04-04,0.00029288299308860566,0.0040580387624298275
2013-04-05,-0.008330059624051533,-0.004490968233606618
2013-04-08,0.005304827632967468,0.006767089206781041
2013-04-09,0.006742893027968266,0.0034571385833004342
2013-04-10,0.019510846175499807,0.01224850319180426
2013-04-11,-0.0004287665808606622,0.0032769410382660347
2013-04-12,-0.0007140044516625865,-0.0024493169378171364
2013-04-15,-0.019731080575746462,-0.02317399978251322
2013-04-16,0.013272814414926337,0.014762719295453142
2013-04-17,-0.019576650074424662,-0.014611483862715047
2013-04-18,-0.013801236252197202,-0.006253417645242898
2013-04-19,0.01369665699809497,0.008693503671828973
2013-04-22,0.010280496220334001,0.004437745025366757
2013-04-23,0.009594715487057703,0.010309173913526593
2013-04-24,-0.00043222409107646076,0.0006340721341218103
2013-04-25,0.005329898102344188,0.0040536318074089195
2013-04-26,-0.0031525744966953706,-0.0017666177414704665
2013-04-29,0.009199818149395744,0.0066988759667259146
2013-04-30,0.007263600022329841,0.0023850266671561204
2013-05-01,-0.004666555219708601,-0.008767183498917253
2013-05-02,0.01264395566711074,0.009287247900054307
2013-05-03,0.011785059459626268,0.010140927915491371
2013-05-06,0.003882458687293644,0.0025408263050923363
2013-05-07,-0.0005530131153197448,0.0050686552020065
2013-05-08,0.004837038161355611,0.004550943429159737
2013-05-09,-0.0013756428367609486,-0.0028160154332579346
2013-05-10,0.0060603919910120485,0.003253579143091878
2013-05-13,0.001231487591053737,0.0007955304776539052
2013-05-14,0.005195872426251524,0.010333909973538224
2013-05-15,0.002040092576603536,0.00538644001937727
2013-05-16,-0.0010861503055759059,-0.004695315316500914
2013-05-17,0.00964854571318674,0.009676753765917256
2013-05-20,-0.0014806067012733681,-5.9617921491783576e-05
2013-05-21,0.0010781927477412356,0.0014376932025887967
2013-05-22,-0.008752200268202448,-0.007417666120022481
2013-05-23,-0.0023086105490782716,-0.002893062324904272
2013-05-24,-0.0005442956550891775,-0.0008459925060293472
2013-05-28,0.006538586936777557,0.005988559512702274
2013-05-29,-0.004737338988189177,-0.006494188636357645
2013-05-30,0.005303517893608722,0.0036924267587832293
2013-05-31,-0.00919825153697007,-0.01435237886866536
2013-06-03,0.001774954724637734,0.005506342917996898
2013-06-04,-0.005178645203526511,-0.004806906954840762
2013-06-05,-0.013013482697809442,-0.014000644141716312
2013-06-06,0.004858085483856023,0.00905257162358275
2013-06-07,0.013673511130757099,0.012720756031037395
2013-06-10,0.00040890388796555044,0.0
2013-06-11,-0.00994302636723432,-0.010315176844070462
2013-06-12,-0.011555580770440832,-0.0082774116290103
2013-06-13,0.012664876299342431,0.015208788738646062
2013-06-14,-0.006596769700108807,-0.006272278060795222
2013-06-17,0.00968478246903004,0.007721255881900424
2013-06-18,0.008221217245922618,0.007905241589864609
2013-06-19,-0.011144601787189234,-0.013816610200005575
2013-06-20,-0.023776101429959784,-0.024778191160543916
2013-06-21,-0.005310929946250709,0.003210142623881307
2013-06-24,-0.009938584969378161,-0.01263597216477752
2013-06-25,0.007313680806815048,0.009614309629473183
2013-06-26,0.008969295824482248,0.009900910297657717
2013-06-27,0.004233307725588942,0.0058697866736294735
2013-06-28,0.0014047960939245208,-0.004097082754392578
2013-07-01,0.006173814251423826,0.005859659269815021
2013-07-02,0.0004181113519363677,-0.0009301355647759468
2013-07-03,0.004042737510828731,0.0004346172587423869
2013-07-05,0.007635604109851757,0.010789035844427586
2013-07-08,0.0009644060330789017,0.005704185089502545
2013-07-09,0.006056424131839044,0.007197530028201005
2013-07-10,0.00574675777436906,0.0003630749432659286
2013-07-11,0.01986064835420298,0.013621165857059747
2013-07-12,0.004402291770307709,0.0004177625290593401
2013-07-15,0.0022574287713712504,0.0038205835733582383
2013-07-16,-0.0013255439338808461,-0.003746257344498738
2013-07-17,0.002521741100120156,0.002566640415727406
2013-07-18,-0.002515397917807638,0.005477912982165378
2013-07-19,-0.010348525874019354,0.0017765245725642753
2013-07-22,0.002949394668656735,0.0019506326109373084
2013-07-23,-0.007351519459727451,-0.0021238609793888807
2013-07-24,0.003231288101400054,-0.0036652324076964504
2013-07-25,0.006308712008066486,0.0024328944811113917
2013-07-26,0.005335273542664831,0.0010658520165143237
2013-07-29,-0.0018571878862215785,-0.003075034982033764
2013-07-30,0.005317172530986625,0.0
2013-07-31,0.0018508024149377356,0.0007113597142522909
2013-08-01,0.010162625777319079,0.011558529677506035
2013-08-02,0.005617783017569877,0.001698873237610421
2013-08-05,0.0006500766717487672,-0.0014619966240844162
2013-08-06,-0.005972497047000647,-0.005683002341703158
2013-08-07,-0.0018287634401742414,-0.0032403661146176432
2013-08-08,0.00497273780219909,0.0036650427199318436
2013-08-09,-0.004037160813351259,-0.0028857151427191807
2013-08-12,0.0023535632803708406,-0.0011808584878386652
2013-08-13,0.005608811824579396,0.002955805607615769
2013-08-14,-0.0037614634631065735,-0.005128961254883713
2013-08-15,-0.016925141548752687,-0.013986082762963314
2013-08-16,-0.0003972951087145571,-0.0033059524571131815
2013-08-19,-0.0017221463588094066,-0.006392271023088925
2013-08-20,0.004379638070308056,0.004916447483201969
2013-08-21,-0.003435526334396366,-0.006160681863844775
2013-08-22,0.00981178831340368,0.009115502834677214
2013-08-23,0.006696148515715983,0.0033725164321007917
2013-08-26,0.0005217860059207879,-0.0037214667703447946
2013-08-27,-0.020466707317437716,-0.016084282841784536
2013-08-28,0.003859468023488466,0.0035510513412766453
2013-08-29,0.007025910910841482,0.0015868198175699177
2013-08-30,-0.0064502285227013845,-0.003167565873018696
2013-09-03,0.005697655560931381,0.004521838827504121
2013-09-04,0.010671847189497319,0.008272737030515342
2013-09-05,0.0016950862208613415,0.0012672172250394187
2013-09-06,0.0011707020940656676,0.00048206181770416023
2013-09-09,0.011699183167078742,0.009576161178761478
2013-09-10,0.0048819950799181555,0.007396835363885135
2013-09-11,-0.0019169206940445882,0.003138485326135143
2013-09-12,-0.0006413251470619441,-0.0026565059340381003
2013-09-13,0.0006417367089510684,0.002249214197655114
2013-09-16,-0.0026909759436696268,0.005787563795569328
2013-09-17,0.006679748167471633,0.0044627301438247
2013-09-18,0.011994465276786492,0.011573803823389683
2013-09-19,0.0023953923476387473,-0.0016758517185940791
2013-09-20,-0.003431669027274653,-0.00699136386914212
2013-09-23,-0.0020255673470053193,-0.004627341914255179
2013-09-24,0.0,-0.0023537510155927643
2013-09-25,-0.003424800644289183,-0.0028905115995019326
2013-09-26,0.007764594132014135,0.003845236016366549
2013-09-27,-0.0012633417812830672,-0.004596697671536032
2013-09-30,-0.0024025396042047786,-0.005328314341663032
2013-10-01,0.010141742630252804,0.00791614056793244
2013-10-02,-0.0003766511167003772,-0.0009447808759670551
2013-10-03,-0.01167548083107961,-0.0092211101709474
2013-10-04,0.008637806993594399,0.007576348709323
2013-10-07,-0.008312665699250044,-0.00864426824780562
2013-10-08,-0.019303990338809585,-0.011646296796213984
2013-10-09,-0.003107337197902349,0.0007248844847991265
2013-10-10,0.02117386409076394,0.021558146492777652
2013-10-11,0.007887311744927628,0.006442926179418995
2013-10-14,0.007067901468784887,0.003994179540288023
2013-10-15,-0.003885067960033628,-0.007254070711697813
2013-10-16,0.011323382582062003,0.01396602268592173
2013-10-17,0.0057228795077908234,0.00668229336228765
2013-10-18,0.01620505119250848,0.0067553069192307635
2013-10-21,0.0021908235900973683,5.714835582537603e-05
2013-10-22,0.0014573905355090844,0.00579157324351498
2013-10-23,-0.006063777559123906,-0.004788888385059864
2013-10-24,0.004392547054183904,0.003322278644703358
2013-10-25,0.007168247853430065,0.004567529926896574
2013-10-28,0.0002408707385261888,0.0015912535753037638
2013-10-29,0.0016879359050050446,0.005333955509653432
2013-10-30,-0.0009628512141008905,-0.004966966889744628
2013-10-31,-0.002289536862461916,-0.002835990340167016
2013-11-01,0.00024211143263075385,0.0023891064348859903
2013-11-04,0.0014488400842755933,0.0035188834030523974
2013-11-05,0.0010848537607124342,-0.0031675268063201534
2013-11-06,-0.00024072669268349056,0.0051059441408936035
2013-11-07,-0.018795180919570886,-0.012643013116812707
2013-11-08,0.013507229643284324,0.0134911734723
2013-11-11,-0.0015751558535307408,0.00016906896643287261
2013-11-12,0.0015776408838035216,-0.0020303045842275935
2013-11-13,0.012115044549219967,0.008024889084936593
2013-11-14,0.003112196918882537,0.004989035636151273
2013-11-15,0.0019095048697124195,0.004351054836950974
2013-11-18,-0.009766754365129193,-0.0034991861168691685
2013-11-19,-0.0028863838523843777,-0.002173602996660473
2013-11-20,-0.0024125891019985968,-0.003127967592983394
2013-11-21,0.010157011181293196,0.008068568311758062
2013-11-22,0.005386689605544115,0.005002426298095886
2013-11-25,0.00238097710702867,-0.0009955053176383677
2013-11-26,0.005226512028189578,0.0002769215862110652
2013-11-27,0.006971441116383259,0.0024350796031589184
2013-11-29,0.005985028584647667,-0.0006624993803151513
2013-12-02,-0.002916530105572357,-0.0025967978420148308
2013-12-03,-0.0008188903114952906,-0.004320372321520605
2013-12-04,0.0009364575155648147,-0.0001114165179264548
2013-12-05,-0.0012865358397999849,-0.004395264090795936
2013-12-06,0.007261509457279658,0.011176702979237563
2013-12-09,0.004069793547411216,0.002542159764632679
2013-12-10,-0.0006945259644540736,-0.00358292110938907
2013-12-11,-0.012863646699282971,-0.01123103427850547
2013-12-12,-0.0025831310793626994,-0.003301321739566432
2013-12-13,-0.0012947609526410275,-0.00011242980197545549
2013-12-16,0.005539559370243863,0.0062320824830872645
2013-12-17,-0.0019925054006076914,-0.0031805780945363127
2013-12-18,0.011626146921288383,0.0170725329222976
2013-12-19,-0.002785958392199528,-0.0011552815160286167
2013-12-20,0.010183912370028247,0.005816768446865739
2013-12-23,0.010519908808849898,0.005342728821337461
2013-12-24,0.00045756358496906735,0.002190817516279031
2013-12-26,0.003316253173510919,0.005084218857146938
2013-12-27,-0.0025073268668718285,-5.4425602460606015e-05
2013-12-30,-0.0014855500311201641,-0.00016287491268318632
2013-12-31,0.006522884624208247,0.004732769731309094
2014-01-02,-0.007844815399765226,-0.009583597508328046
2014-01-03,-0.007218622863034985,-0.0001640126177208101
2014-01-06,-0.0036935268138997834,-0.002897997148664788
2014-01-07,0.009267804340093999,0.006141561867339718
2014-01-08,0.0021805159889163317,0.00021825619984983113
2014-01-09,-0.003321377739933573,0.0006538026830704702
2014-01-10,0.003217882002715333,0.002722586425232043
2014-01-13,-0.014776611767217673,-0.013305178955087538
2014-01-14,0.019067231236356008,0.010897701683340033
2014-01-15,0.008214749200035731,0.005390316611842083
2014-01-16,0.00011310044131151997,-0.0012999419146608737
2014-01-17,-0.005657343462191822,-0.004229235411364551
2014-01-21,0.007624111908295816,0.0029404468019196273
2014-01-22,0.002597261459719169,0.0006515624325666991
2014-01-23,-0.0033792456884665922,-0.008193010632012832
2014-01-24,-0.019665413677301125,-0.021336286902485346
2014-01-27,-0.009684223843666628,-0.004919244452855076
2014-01-28,-0.0005823526319125305,0.005954994686165671
2014-01-29,-0.010715396469964333,-0.00960507108277675
2014-01-30,0.018485521857879217,0.010599826450158334
2014-01-31,-0.0026593027239945055,-0.005857997727549025
2014-02-03,-0.022951042961029455,-0.022505238563242935
2014-02-04,0.007355855771948194,0.007004892660445572
2014-02-05,-0.0025910923607165293,-0.0012546481457419434
2014-02-06,0.012752190876389458,0.013187282936195421
2014-02-07,0.017838472990729715,0.012395971085996438
2014-02-10,0.005727233979022639,0.0018365658173680188
2014-02-11,0.011389719841639057,0.01094360453414156
2014-02-12,0.0019142524780857428,0.0004946832445036353
2014-02-13,0.007418084550831372,0.0051625700398589824
2014-02-14,0.0020083195891591465,0.005519009871306713
2014-02-18,0.004899354798444611,0.0011957064964291941
2014-02-19,-0.006869990602622833,-0.00662192272688189
2014-02-20,0.004686173222556267,0.005900815746512578
2014-02-21,-0.0013326347687373508,-0.0011406272834723064
2014-02-24,0.005337182880952307,0.005546809521858709
2014-02-25,-0.0011058583978386105,-0.00037861162870700404
2014-02-26,-0.000885834389255602,5.372846430873324e-05
2014-02-27,0.0064881258717561785,0.005248049255936582
2014-02-28,-0.0011059407179337954,0.002529294211794486
2014-03-03,-0.0074161828130892005,-0.007032393278894045
2014-03-04,0.012713437102705116,0.014055999857921275
2014-03-05,0.002752845534325754,0.0009060810093997063
2014-03-06,-0.000878783945441719,0.0022901025895163407
2014-03-07,-0.0049461792313140185,0.0004250080943173362
2014-03-10,0.0008840218163954638,-0.000530934134180705
2014-03-11,-0.0043040371629222696,-0.004942497906091137
2014-03-12,0.003768416489829507,0.0002669273754847268
2014-03-13,-0.014134367790985536,-0.01121320041672702
2014-03-14,-0.006832309599545172,-0.0028078168217376964
2014-03-17,0.008796504038363517,0.009043665431309522
2014-03-18,0.012073591306269948,0.007137784925718149
2014-03-19,-0.005412126420691332,-0.005328729401277599
2014-03-20,0.0027764805266368153,0.005839354925763374
2014-03-21,-0.012033328305597002,-0.0038786833916325536
2014-03-24,-0.00876377804271855,-0.004135368480179702
2014-03-25,0.0032869745658541394,0.004745673984747123
2014-03-26,-0.012880047638740066,-0.007192542469124152
2014-03-27,-0.005608228832632123,-0.002107806138745283
2014-03-28,0.001956766362733342,0.004930164406027782
2014-03-31,0.007122000523187566,0.00819416039649945
2014-04-01,0.01756634376780064,0.006630770890064364
2014-04-02,0.002578078519654081,0.0033465194360544626
2014-04-03,-0.007938379747922775,-0.0013237331084947623
2014-04-04,-0.026597353148718916,-0.011821664155238998
2014-04-07,-0.009493948694124454,-0.011051647062489511
2014-04-08,0.009234158120214886,0.004122946442383313
2014-04-09,0.01714157928757576,0.01075077503213917
2014-04-10,-0.030972571484238043,-0.02100559094790111
2014-04-11,-0.011633132903457799,-0.00900900346148037
2014-04-14,0.007846404524858075,0.007878189226085297
2014-04-15,0.0033033058288713946,0.006887826242604644
2014-04-16,0.013286186478394857,0.010477663784676405
2014-04-17,0.00023221510632254194,0.0013969173088981268
2014-04-21,0.007424487771254373,0.0034867156768074725
2014-04-22,0.007945993131308615,0.0045453321176802675
2014-04-23,-0.008797406954981213,-0.0023418690632273087
2014-04-24,0.009566896398113478,0.002027170604331552
2014-04-25,-0.015983712832282615,-0.008199160909033276
2014-04-28,0.0032488824364069746,0.0031673063033119675
2014-04-29,0.007979700345359886,0.004655037471950285
2014-04-30,0.0026385221735363285,0.0029826845903406785
2014-05-01,0.002975174439624695,0.0001065106985354003
2014-05-02,-0.0018257988827029559,-0.0014336989112512244
2014-05-05,0.005258006315704611,0.001914443095270446
2014-05-06,-0.012961965335261283,-0.008704033239857578
2014-05-07,-0.002879304754326295,0.005888963821141013
2014-05-08,-0.0009244915853436897,-0.0010643430278127752
2014-05-09,0.0037002244070882817,0.0014923489572586934
2014-05-12,0.01647473281644629,0.009735717800295252
2014-05-13,0.0006796983052126393,0.0008956561124247031
2014-05-14,-0.005209887443365702,-0.004737791661455049
2014-05-15,-0.007856045271050549,-0.008780260724298716
2014-05-16,0.006540984261385274,0.0034686261361680515
2014-05-19,0.006954997871358115,0.0036693524404622924
2014-05-20,-0.0036228515523542004,-0.006305167602146944
2014-05-21,0.009544933193569083,0.00842458589935502
2014-05-22,0.0043899702976719635,0.002432067107957181
2014-05-23,0.007284794481378087,0.004008677486424084
2014-05-27,0.01246097226807752,0.006146568228615701
2014-05-28,-0.0030769710048202947,-0.0007307227343497091
2014-05-29,0.0063933451223885385,0.0051724283569414276
2014-05-30,0.00010959635012008917,0.001611333626285294
2014-06-02,-0.0009854323556903744,0.0011418259205215886
2014-06-03,-0.0004391375250738516,-0.0005180300474968424
2014-06-04,0.0037291575599425197,0.0020227877812191153
2014-06-05,0.008413409987950482,0.006521893119883382
2014-06-06,0.005743662522747384,0.004782582132266233
2014-06-09,-0.000754972244491392,0.0010241598786209227
2014-06-10,0.0017254044187895445,0.00010235926082202695
2014-06-11,-0.00021557488848644724,-0.0034766873013989397
2014-06-12,-0.00904282440880877,-0.007080243076323045
2014-06-13,0.0029333510709059762,0.0030487567987567132
2014-06-16,0.00086617504676334,0.0008240223328450647
2014-06-17,0.0005411859087969262,0.0027796321558839487
2014-06-18,0.005625035098633102,0.007339287557780683
2014-06-19,-0.0006454051062785293,0.0011209977416262173
2014-06-20,0.001175731720120643,0.0020309205452564427
2014-06-23,0.0002159529054952536,-0.0003066749248660239
2014-06-24,-0.0009700006562829433,-0.006024305235540206
2014-06-25,0.006364275236563355,0.004519886057362088
2014-06-26,0.0005361108159618322,-0.0007154894473915263
2014-06-27,0.00439278528235465,0.0019443084658017362
2014-06-30,0.001706529558981762,-0.0005109286960216508
2014-07-01,0.010968259769351008,0.006693643371077362
2014-07-02,0.0016850511251118583,0.001014632315896824
2014-07-03,0.006309037553141605,0.004918245818386069
2014-07-07,-0.0030300710029215194,-0.003481168549778646
2014-07-08,-0.012053315845446111,-0.006429900876623873
2014-07-09,0.007426003970356421,0.00448384152555481
2014-07-10,-0.0031590380358327286,-0.003956741674338238
2014-07-11,0.006443786358967252,0.0013752251189111941
2014-07-14,0.005983538158094381,0.005034615539055265
2014-07-15,-0.0034432780363007343,-0.0018720260532856248
2014-07-16,0.003978561816508908,0.003701086451324054
2014-07-17,-0.013244706705845322,-0.01136548455483899
2014-07-18,0.015853009620349745,0.010218773246318369
2014-07-21,-0.0012482089033332144,-0.001871173202415255
2014-07-22,0.00635436415318158,0.004357981699889768
2014-07-23,0.006417276392776561,0.0022199398910616175
2014-07-24,-0.0011310644480471144,5.048055415590724e-05
2014-07-25,-0.003912865489671957,-0.004681929231719062
2014-07-28,0.0003100738461703223,0.00040496667020217814
2014-07-29,-0.0017564828436489321,-0.004297151314223258
2014-07-30,0.003933322208995671,0.0001516962480683226
2014-07-31,-0.020210414712296565,-0.01974743793791256
2014-08-01,-0.003683129062782786,-0.003055916756133814
2014-08-04,0.006865988809390711,0.007220487809808329
2014-08-05,-0.007658642461921161,-0.009696503633475184
2014-08-06,-0.0007395675912867938,0.00031314701053730687
2014-08-07,-0.0031744497767884905,-0.005414753860125687
2014-08-08,0.007217593893885654,0.011568701418407157
2014-08-11,0.005900649121645785,0.0028984533514462285
2014-08-12,-0.0004191214730222548,-0.001393441855440991
2014-08-13,0.010584646533679631,0.0067690007913150385
2014-08-14,0.005185322179431351,0.004721536501316015
2014-08-15,0.004848934646219716,-0.00020431949376165104
2014-08-18,0.0077004347688676145,0.00837948029538893
2014-08-19,0.005603163100411868,0.005218810201135904
2014-08-20,0.0,0.0026712968642721435
2014-08-21,0.0020265615846910556,0.0029158513916456297
2014-08-22,0.001516678045417219,-0.0015536502105839567
2014-08-25,0.0035337813757796432,0.0050707448265769894
2014-08-26,0.0010054713529867865,0.0006489840852654805
2014-08-27,0.0002014303234352255,-0.0003993169401713681
2014-08-28,-0.0011052901962524952,-0.0005492334181301795
2014-08-29,0.0037218392386919597,0.0028481610479438313
2014-09-02,0.002906506643090445,-0.0004983874411956801
2014-09-03,-0.005896057361152618,-0.0005482477613605319
2014-09-04,-0.0009050208264943516,-0.0014467161968299003
2014-09-05,0.005031316433117272,0.004495289141056569
2014-09-08,0.0019018450015164667,-0.0025854006398896567
2014-09-09,-0.00829302373825802,-0.006330985708603243
2014-09-10,0.008261741435120484,0.0037623296427744535
2014-09-11,-0.0007995433282685926,0.001149481391548468
2014-09-12,-0.00510059217732961,-0.005841025804355193
2014-09-15,-0.009650164001915873,-0.0007531841689838448
2014-09-16,0.008729489660147305,0.007538365002445424
2014-09-17,0.001509099756215937,0.0013471061154006758
2014-09-18,0.007535557777680335,0.005329641261493601
2014-09-19,-0.0006196935248908853,-0.0009011921840070825
2014-09-22,-0.00930216835249531,-0.007723082033102013
2014-09-23,-0.0027260224437684055,-0.005723999761009124
2014-09-24,0.010731056440881126,0.007827811653667638
2014-09-25,-0.021033561170096027,-0.016135407423166437
2014-09-26,0.010640239815647323,0.007945416128330773
2014-09-29,-0.001315710328131714,-0.0018194659236624444
2014-09-30,0.0014191238957081964,-0.002632038608260334
2014-10-01,-0.015993709830096847,-0.013552180715905582
2014-10-02,0.0,0.00015463924933856177
2014-10-03,0.009875680090460692,0.01100930192323668
2014-10-06,-0.0021390941645164085,-0.0011703915571864565
2014-10-07,-0.014189397900652323,-0.015436402497926993
2014-10-08,0.019467809251003,0.017489059281255992
2014-10-09,-0.016150574706505605,-0.019832913722152123
2014-10-10,-0.024984582417425294,-0.011414552823017177
2014-10-13,-0.015670920045577907,-0.016427129606057522
2014-10-14,0.0001072755344722065,0.0015476189411627317
2014-10-15,-0.006453883559198181,-0.006766025113518537
2014-10-16,-0.0062788010262689875,-0.0008582814773707703
2014-10-17,0.013182161756339017,0.011811033067773646
2014-10-20,0.01494616679030214,0.00970950428610684
2014-10-21,0.02627387366551215,0.019810959170315945
2014-10-22,-0.005161234743917498,-0.00711071477608427
2014-10-23,0.015046029398788408,0.011625088784843474
2014-10-24,0.008178184506851593,0.007694815618932038
2014-10-27,0.0007100317733084172,-0.0013745510313446507
2014-10-28,0.015097615695087052,0.011469852243113143
2014-10-29,-0.0036934642118653382,-0.0015115585993615843
2014-10-30,0.0021041137488941875,0.006410585987319806
2014-10-31,0.01379728549704784,0.01143535023316744
2014-11-03,0.002958542871754233,0.0005457181623313989
2014-11-04,-0.0033430260108774368,-0.003469557413861346
2014-11-05,9.863230420381619e-05,0.0063164927175485275
2014-11-06,0.00315658104009775,0.004002655184793147
2014-11-07,-0.0008846460890435948,0.0009354908224097347
2014-11-10,0.003543031703628463,0.003147805945190152
2014-11-11,0.0031385609124883196,0.0009802488707464363
2014-11-12,0.00175957524770598,-0.001077144857515644
2014-11-13,0.004294778282305289,0.0011274240209879771
2014-11-14,0.0031093216066870877,0.00024467342845646556
2014-11-17,-0.0030030712254600633,0.000636560567160771
2014-11-18,0.007482164692282023,0.005773235214848738
2014-11-19,-0.004533034431068339,-0.0016046324442312576
2014-11-20,0.004457054600374155,0.0017539319652239982
2014-11-21,0.0019287715710936126,0.0053506785424501935
2014-11-24,0.007798491736171309,0.002806469384932786
2014-11-25,0.0015287037324174246,-0.0007236868408037056
2014-11-26,0.006485880079155404,0.0025589685725717626
2014-11-28,0.004643714085516226,-0.0021193782176740505
2014-12-01,-0.011320095552838194,-0.006949497716377873
2014-12-02,0.0040077120689578916,0.006463649156783546
2014-12-03,0.0018054111580849685,0.0038631920716982737
2014-12-04,-0.00047440613344673643,-0.0011064696452641742
2014-12-05,9.519553217751664e-05,0.0016374664813005868
2014-12-08,-0.0071173664231704015,-0.006682933095916832
2014-12-09,0.0031540198539348197,-0.0006775661873023031
2014-12-10,-0.015720277927758874,-0.016031183766129997
2014-12-11,0.004743133385692877,0.005069969520606232
2014-12-12,-0.010886432538945612,-0.016161395822239966
2014-12-15,-0.010324228066440844,-0.006869589857344205
2014-12-16,-0.01604161733838949,-0.00801965223129264
2014-12-17,0.018203694174532492,0.0196048692274835
2014-12-18,0.02406669678426221,0.024728728581674186
2014-12-19,0.00439994284541001,0.004254854711871703
2014-12-22,0.0024924683605791476,0.0046002609761715
2014-12-23,-0.0035380515038349047,0.0013496049995367354
2014-12-24,0.0008634795232966841,9.618129076893744e-05
2014-12-26,0.007094941615755301,0.003225016638476186
2014-12-29,-0.00019043849928768175,0.0013429687819284108
2014-12-30,-0.006665271223885161,-0.005366090143216429
2014-12-31,-0.010257024542373316,-0.009923109969620758
2015-01-02,-0.0030023266521734815,-0.0005351806978162177
2015-01-05,-0.014668514920384346,-0.018059490053064398
2015-01-06,-0.01340817062574795,-0.00941917576772644
2015-01-07,0.012890671766383921,0.01246114753621308
2015-01-08,0.01913959193128134,0.017745213662038628
2015-01-09,-0.006582524703180326,-0.00801358385162887
2015-01-12,-0.010426859748860262,-0.007833882486957378
2015-01-13,-0.00029539311190418527,-0.002812393025162896
2015-01-14,-0.005516261904387476,-0.0060370861359257955
2015-01-15,-0.01297566791539706,-0.009160601640737842
2015-01-16,0.011741241646295197,0.013114473729878284
2015-01-20,0.00793514858086386,0.0021322709696121045
2015-01-21,0.005117138244629782,0.005048236031842013
2015-01-22,0.01850373258157756,0.014870666464834814
2015-01-23,0.0022109856536480788,-0.005482377814587491
2015-01-26,-0.0011510197936489552,0.0023411948378608827
2015-01-27,-0.02592651138654367,-0.013190594394743238
2015-01-28,-0.0051264646236812705,-0.012823791767774817
2015-01-29,0.009611850867651706,0.009243336617175801
2015-01-30,-0.007753490253792572,-0.012574722494668289
2015-02-02,0.008704364912608398,0.012384169989028138
2015-02-03,0.009609527250718175,0.014461120617162315
2015-02-04,-0.0008739628202020233,-0.0038082464211351974
2015-02-05,0.008651580752572663,0.01009534777457577
2015-02-06,-0.006071933234215066,-0.002765674513989902
2015-02-09,-0.0031995441568615224,-0.0044753889196307295
2015-02-10,0.015564298630790452,0.010653200263277984
2015-02-11,0.003639476707261391,0.0005802481384600267
2015-02-12,0.01164390942086646,0.009616420663612235
2015-02-13,0.008584513035874153,0.00411671388674506
2015-02-17,0.0009353818932991143,0.0015730029994667216
2015-02-18,0.0014015285743931294,9.510099434750785e-05
2015-02-19,0.004946161009097283,-0.0007136743459366102
2015-02-20,0.006685922828510993,0.006000451193572731
2015-02-23,0.0010146987523447226,-0.00014175690190421086
2015-02-24,0.000737096275836624,0.002840800737555993
2015-02-25,-0.0024861834041611797,-0.0008500008961642713
2015-02-26,0.0050773942484543255,-0.0011810555435625147
2015-02-27,-0.00440856477522078,-0.0034063941598063696
2015-03-02,0.009040401321108948,0.0063131102241003045
2015-03-03,-0.004662964631824473,-0.004103744893249939
2015-03-04,-0.0038574496997325625,-0.004215564193870147
2015-03-05,0.001751743118562743,0.0010943144361859058
2015-03-06,-0.011321726486569261,-0.014064734983725069
2015-03-09,0.0028862783272372017,0.004145063755176981
2015-03-10,-0.018566884631910474,-0.01622215809158356
2015-03-11,-0.005769835105775556,-0.0023415327634802585
2015-03-12,0.006564486862483676,0.012713508227005565
2015-03-13,-0.004347521663543907,-0.00613209310244367
2015-03-16,0.012910487512832303,0.01336057409288971
2015-03-17,0.00159307583555246,-0.002972419245089508
2015-03-18,0.009825029490569959,0.012021563817567582
2015-03-19,0.0014827739143035146,-0.004561742569295091
2015-03-20,0.006472713722710077,0.0088270082639339
2015-03-23,-0.001934454624045845,-0.001948609765637599
2015-03-24,-0.0036007250766761922,-0.005619062108967343
2015-03-25,-0.022885285518666976,-0.014653588320991062
2015-03-26,-0.0034137217440413092,-0.002381785461001651
2015-03-27,0.003996357147023177,0.0022901120563378896
2015-03-30,0.011466698488254545,0.01219952486909981
2015-03-31,-0.010587177486600985,-0.008739604682924562
2015-04-01,-0.005208251509280615,-0.0035360768614662863
2015-04-02,0.0006660473913051579,0.0035972928524956593
2015-04-06,0.008181445799351872,0.006733071874178043
2015-04-07,-0.0016987597425874856,-0.0026461020182371175
2015-04-08,0.007939833203132629,0.0033767740738464003
2015-04-09,0.006282695960297291,0.00442383190626594
2015-04-10,0.00410011319719783,0.005457049158452243
2015-04-13,-0.002505512419861855,-0.004522727835289397
2015-04-14,-0.002884030916527447,0.0019131206730600425
2015-04-15,0.006251314354206894,0.004486725296894978
2015-04-16,-0.001390857920578914,-0.00028518022207257854
2015-04-17,-0.015600198636213092,-0.011503359163162585
2015-04-20,0.01499843857553329,0.009136721008004
2015-04-21,0.0042751604129520615,-0.0011912275609240464
2015-04-22,0.005459988778804936,0.004914319581360127
2015-04-23,0.0037737070592807065,0.00251595514170333
2015-04-24,0.01357044469408697,0.00232061466996214
2015-04-27,-0.0025329972512608823,-0.004157836099445866
2015-04-28,-0.001995432713014389,0.0031789814768325986
2015-04-29,-0.00627054573512964,-0.004114618488133881
2015-04-30,-0.01572946616866855,-0.01002063489061622
2015-05-01,0.013193538395400939,0.010841442924380607
2015-05-04,0.0016508600286266883,0.0028477021787178813
2015-05-05,-0.01629602077249226,-0.011452075943408024
2015-05-06,-0.006887045642541723,-0.004116725939953825
2015-05-07,0.005997722549149875,0.003989470944469886
2015-05-08,0.012482594807109448,0.013166042042961346
2015-05-11,-0.003864357429136489,-0.004772449636194387
2015-05-12,-0.0045255874970283605,-0.0029915257902016767
2015-05-13,0.002041116479400751,0.00019087876932899484
2015-05-14,0.014629298228096888,0.01042733058967471
2015-05-15,0.0,0.001083803792505389
2015-05-18,0.004380800177315125,0.0031066069442302613
2015-05-19,-0.0010904231185377977,-0.00032832531250603925
2015-05-20,0.0006366487557960543,-0.0007042056664799956
2015-05-21,0.005181261590259334,0.002912254088301758
2015-05-22,-0.0009946043520298042,-0.002388441872195113
2015-05-26,-0.011496230196423207,-0.010751604777206047
2015-05-27,0.01611697521080635,0.009491985113686097
2015-05-28,-0.0022530153086626203,-0.0011287199239522483
2015-05-29,-0.005961667246839331,-0.006212371271251738
2015-06-01,0.0033625450873193685,0.0020361759813487534
2015-06-02,-0.0031700064116794158,-0.0009925347271693141
2015-06-03,0.002997939552416895,0.0026496214894979886
2015-06-04,-0.007608630643340053,-0.008446447501034182
2015-06-05,-0.0023730381437319092,-0.001713523747087775
2015-06-08,-0.010155487522596873,-0.006149215910373318
2015-06-09,-0.0016639825558996124,-0.00014405641280956782
2015-06-10,0.013702680464372285,0.011993075451417479
2015-06-11,0.0014613403541914316,0.003223725839098579
2015-06-12,-0.008207921814474273,-0.007654984447151292
2015-06-15,-0.00496563164457664,-0.004285467851748548
2015-06-16,0.005452190707474047,0.005451833628263403
2015-06-17,0.0027574003113672862,0.0016170535532253894
2015-06-18,0.01457402759793247,0.010399372607576174
2015-06-19,-0.0049440235871905935,-0.004439706677833555
2015-06-22,0.0073707932796402975,0.005123557634105325
2015-06-23,0.0008130926760430146,0.0007080307765228167
2015-06-24,-0.0051444819643585715,-0.00726280185963446
2015-06-25,-0.001996456550545922,-0.0030405712526081485
2015-06-26,-0.006636418278228362,-0.00019067538778527737
2015-06-29,-0.02361091724121378,-0.020970248004849923
2015-06-30,0.0035617109709866757,0.0020934615031820147
2015-07-01,0.007938644586929833,0.008015167569124682
2015-07-02,0.0002780636676842363,-0.000915589298206787
2015-07-06,-0.002316118647894494,-0.0028458397559282256
2015-07-07,0.0025070706831640255,0.0062885495837676775
2015-07-08,-0.017412246612428683,-0.016776946267149984
2015-07-09,-0.0005655642661986926,0.0018090594164830165
2015-07-10,0.015278642214844762,0.01259138987830255
2015-07-13,0.01755679949949074,0.011036851789116842
2015-07-14,0.00657309606794354,0.004338262176189378
2015-07-15,0.0010881244171230264,-0.0003318824615315963
2015-07-16,0.014133166064626224,0.008023925074722271
2015-07-17,0.014740215121749278,0.0008477888094988728
2015-07-20,0.0034332954689433315,0.0005178269951837677
2015-07-21,-0.0006139806947508264,-0.003951209471579786
2015-07-22,-0.011324717210826729,-0.0017946848631116286
2015-07-23,-0.0037292519575302663,-0.005630094086335302
2015-07-24,-0.00980428097157382,-0.010371668249426702
2015-07-27,-0.008280728341173438,-0.005817368962553471
2015-07-28,0.008622306529152635,0.012282892292857728
2015-07-29,0.003779029717643212,0.006878976380968682
2015-07-30,0.004751389126401939,0.00023729344110834383
2015-07-31,-0.0011600227367409843,-0.0015176737322607492
2015-08-03,-0.003126162478835126,-0.003372911748127594
2015-08-04,-0.0018818169144017016,-0.00195435295455193
2015-08-05,0.007720589764941499,0.0032951786029740138
2015-08-06,-0.016035753332558245,-0.008187527167664133
2015-08-07,-0.0012673574166709445,-0.0019199562380657342
2015-08-10,0.01142234138792153,0.01259931790419877
2015-08-11,-0.012816946604363721,-0.009022924830103474
2015-08-12,0.0034500699030823867,0.0011977035603676356
2015-08-13,-0.001628833650421213,-0.0012447468853664656
2015-08-14,0.0015407360115877733,0.003642612952919677
2015-08-17,0.008325013811367521,0.005586848154688573
2015-08-18,-0.005115306437113332,-0.0028966524619062906
2015-08-19,-0.006584712299470663,-0.007905404265978966
2015-08-20,-0.027694596097741497,-0.02088141878273464
2015-08-21,-0.04370546637720896,-0.030102296807360207
2015-08-24,-0.03847690667918402,-0.042107179500163405
2015-08-25,-0.00375788868318061,-0.011767544380262174
2015-08-26,0.0503622979923557,0.03839371194536789
2015-08-27,0.025332484236879838,0.024734968329798157
2015-08-28,-0.00018927221386755289,5.027121597223072e-05
2015-08-31,-0.012403046229713999,-0.008078988498229411
2015-09-01,-0.031253230627126705,-0.02984792573818107
2015-09-02,0.028203951789925297,0.018981175727492694
2015-09-03,-0.00490854466238777,0.0007162909480127322
2015-09-04,-0.011896682972045491,-0.015136519054722353
2015-09-08,0.028190839947580093,0.02513089693540027
2015-09-09,-0.011233452409278755,-0.013371684888053847
2015-09-10,0.010879706712634718,0.005442168284777393
2015-09-11,0.005524533508579621,0.0045438334632199595
2015-09-14,-0.003031304561600723,-0.00371036942268399
2015-09-15,0.011781823488727028,0.01249929329640631
2015-09-16,0.005633931102744016,0.008666869619954332
2015-09-17,0.0003733417744173906,-0.0022483458421687086
2015-09-18,-0.014222481650236207,-0.016341303914687244
2015-09-21,0.0031320600557449563,0.005167504757774388
2015-09-22,-0.014950340523685712,-0.01297976754613095
2015-09-23,0.0007683275829046821,-0.0015984730262147417
2015-09-24,-0.0036474673333073415,-0.003615851444723761
2015-09-25,-0.00847786017921448,-0.00025935430712664687
2015-09-28,-0.028468889062691183,-0.025096885587507556
2015-09-29,-0.005200483446386794,0.0005848178036247376
2015-09-30,0.023022165037998032,0.01865860043226375
2015-10-01,0.004520123653136698,0.0026089210985908995
2015-10-02,0.017511553341388986,0.014938202325645689
2015-10-05,0.014325422584726022,0.017794356440499648
2015-10-06,-0.004739342056024443,-0.0034260584234282465
2015-10-07,0.006000055825444051,0.008190585380879689
2015-10-08,0.003976232021118298,0.009026634971203817
2015-10-09,0.004526212070173896,0.0005964345821025674
2015-10-12,0.0024407255683323026,0.0009435727537383531
2015-10-13,-0.006461753405518689,-0.006301975287351769
2015-10-14,-0.0016021537178954048,-0.004794259903957987
2015-10-15,0.016426021605253194,0.01535455953054976
2015-10-16,0.004179618469207114,0.004546784196743037
2015-10-19,0.005734289442759,0.0004919768003173175
2015-10-20,-0.005149937815208894,-0.001278564532641413
2015-10-21,-0.006101090129612241,-0.006203396011318141
2015-10-22,0.020368641153562184,0.01689344316698227
2015-10-23,0.027982602689905267,0.010961850494529912
2015-10-26,0.0006206181380079556,-0.0024578232585565907
2015-10-27,0.002038254006203166,-0.001932270881205067
2015-10-28,0.008312602993097773,0.011374709717499876
2015-10-29,-0.001578767874636955,-0.0005742538935968877
2015-10-30,-0.004479886309096681,-0.004309990696880872
2015-11-02,0.011294880169602006,0.011831360430448967
2015-11-03,0.00348985466322449,0.002899071250941798
2015-11-04,8.678681819507261e-05,-0.0030333353748184244
2015-11-05,-0.002694895224598315,-0.0009983387629102225
2015-11-06,0.0006971178430716929,-0.0005233792267258508
2015-11-09,-0.01062806435282071,-0.009331473926741052
2015-11-10,-0.0025536730030769617,0.002307058514867011
2015-11-11,-0.001235830709339969,-0.003931989163466265
2015-11-12,-0.009722290530668865,-0.013959632926926036
2015-11-13,-0.01963585136536583,-0.01122882866185737
2015-11-16,0.014384569390802238,0.015207401262104625
2015-11-17,0.000628193390498577,-0.0007292205001236951
2015-11-18,0.019194447525762603,0.015865702060691822
2015-11-19,0.0007041071585560665,-0.0008620265248482362
2015-11-20,0.006771691240560207,0.00364432475624632
2015-11-23,-0.002882633087582631,-0.001146793690934289
2015-11-24,-0.0008760702351865435,0.0013388654948276457
2015-11-25,0.0008768384072161961,-0.0001431584306976763
2015-11-27,0.0014015821916684157,0.001146739392028362
2015-11-30,-0.0025369250209592575,-0.004151787786751626
2015-12-01,0.009998283947962427,0.009535624272596799
2015-12-02,-0.006165237660384126,-0.010204824218435271
2015-12-03,-0.01695040329352049,-0.014002764316180971
2015-12-04,0.023375397851829405,0.019502868510143934
2015-12-07,-0.004516137174009782,-0.006058371184729516
2015-12-08,8.715414211235561e-05,-0.006719738814459197
2015-12-09,-0.015179271970544805,-0.007779546901168222
2015-12-10,0.00451795058600335,0.0025808627361465497
2015-12-11,-0.023016193522896633,-0.0193808947820443
2015-12-14,0.0075818579095221494,0.005052280858752978
2015-12-15,0.006091953283413609,0.01049770474873668
2015-12-16,0.014869244651251723,0.014632345917570344
2015-12-17,-0.014563963329949803,-0.015238349763553316
2015-12-18,-0.0191824875483807,-0.017814976458539244
2015-12-21,0.011108161777809489,0.008249013979945152
2015-12-22,0.00657354655032405,0.009074388119839183
2015-12-23,0.007425557215006373,0.012383311582493617
2015-12-24,-0.00017768332519108032,-0.0016504402729972112
2015-12-28,-0.0005327060847725162,-0.0022847956290007465
2015-12-29,0.01572872761306643,0.010671618314069153
2015-12-30,-0.009011038262635829,-0.007087641323496485
2015-12-31,-0.012448487962939847,-0.010003361356384355
2016-01-04,-0.021097871324698536,-0.01397946662933447
2016-01-05,-0.0017349195383239424,0.0016911308688518645
2016-01-06,-0.00960581463063781,-0.012613679953698553
2016-01-07,-0.03131367778964311,-0.023991739164954784
2016-01-08,-0.008200365725182124,-0.010976513429145962
2016-01-11,0.0030767336420722824,0.0009899367928525304
2016-01-12,0.011597977793342151,0.008068161490544679
2016-01-13,-0.03448938481611086,-0.02494083622753851
2016-01-14,0.021295070346540657,0.01641729132613512
2016-01-15,-0.03103653524111627,-0.02146607381323906
2016-01-19,0.002181340976610713,0.0013307021999771074
2016-01-20,-0.003067265563007071,-0.012815035649849982
2016-01-21,0.0009925084361992464,0.005601905261557016
2016-01-22,0.028953996094460033,0.020515406746145493
2016-01-25,-0.014840310859623007,-0.015116547833338934
2016-01-26,0.008999140857157473,0.013643308698413126
2016-01-27,-0.02491523299048304,-0.010883416267228663
2016-01-28,0.014117947818208298,0.005209306326944718
2016-01-29,0.02088251266686414,0.02437699638822366
2016-02-01,0.0026889603471818013,-0.0003612558741544758
2016-02-02,-0.02164500116945678,-0.018022098447396995
2016-02-03,-0.004797191994522221,0.005994881894271664
2016-02-04,-9.845145416276235e-05,0.0015680146262035954
2016-02-05,-0.03472698772288274,-0.019049885504471176
2016-02-08,-0.01528725916057394,-0.013461132631529371
2016-02-09,-0.003105224182755384,5.391812019706066e-05
2016-02-10,0.0038415805203599884,-0.0008628391105457434
2016-02-11,-0.0014481464074996842,-0.013007823379883487
2016-02-12,0.015225202100624058,0.02061696091826737
2016-02-16,0.02254661320913387,0.0168778783362451
2016-02-17,0.02264786974364652,0.016334824610062304
2016-02-18,-0.011414385882640099,-0.004095726687404766
2016-02-19,0.002960481507326751,-0.00046860201218323905
2016-02-22,0.016235436464679065,0.014479134457421772
2016-02-23,-0.016460355038922625,-0.012629361129099959
2016-02-24,0.00954913012092562,0.004575693144394544
2016-02-25,0.009848793609063211,0.01211186677819942
2016-02-26,-0.0012550365185345358,-0.002301577978341518
2016-02-29,-0.008991738467759025,-0.007842245504387502
2016-03-01,0.032097705672061716,0.02350675099872701
2016-03-02,0.00037804277166109124,0.004492702586733843
2016-03-03,-0.0018897328662171864,0.003919344975390704
2016-03-04,0.00037853747084604095,0.0032533091869815234
2016-03-07,-0.0061512040928266565,0.000798355599298084
2016-03-08,-0.008284343653233828,-0.010917593637426504
2016-03-09,0.006433094411427476,0.0049398339835338145
2016-03-10,-0.0015263220671479782,0.000802377520033648
2016-03-11,0.017485321944413768,0.016136981343789047
2016-03-14,0.001690048531120203,-0.0012824304522421892
2016-03-15,-0.00037492411239670176,-0.0016296696648478992
2016-03-16,0.008909620668992257,0.005787375668126149
2016-03-17,-0.0005579731245622943,0.006344339140708755
2016-03-18,0.0015671469894618095,0.003928997323181527
2016-03-21,0.003911890068414081,0.0014189756596125758
2016-03-22,0.0030610855079562516,-0.0005372930976181856
2016-03-23,-0.008231442821263424,-0.006599409507011211
2016-03-24,0.00027987302014897963,-0.0004428182606347475
2016-03-28,-0.0013983614909439668,0.0005907155371871475
2016-03-29,0.016058127400969457,0.009250382490539666
2016-03-30,0.004870071969385936,0.0043874760158908455
2016-03-31,-0.0014632082553791559,-0.0024272089226520244
2016-04-01,0.010622696225817796,0.0068122290226426685
2016-04-04,-0.0038056075044337057,-0.003237905160156207
2016-04-05,-0.009641728307921427,-0.009987702447721403
2016-04-06,0.016440147929148052,0.010920784640160885
2016-04-07,-0.014367158526292667,-0.011966140534028669
2016-04-08,-0.0007333694300354354,0.002697277409339227
2016-04-11,-0.003669839429467303,-0.002347270102450283
2016-04-12,0.008379666849056111,0.009312518596857222
2016-04-13,0.012784168188270328,0.010101366058280936
2016-04-14,9.004761498876412e-05,4.790503139950886e-05
2016-04-15,-0.0025244355162870047,-0.0011054944959582036
2016-04-18,0.005332821842896518,0.007026386349082703
2016-04-19,-0.0061132947117122916,0.003154383358341617
2016-04-20,0.0008137356076360902,0.0009527820349632954
2016-04-21,9.06382415646334e-05,-0.005378493860195066
2016-04-22,-0.015092791946239026,0.0
2016-04-25,0.0,-0.001722882269308501
2016-04-26,-0.004863143424101213,0.0014861655509681437
2016-04-27,-0.008022137361026638,0.0020583628778925167
2016-04-28,-0.012084024986553477,-0.009075942023787031
2016-04-29,-0.0052690636109767874,-0.005398646487982162
2016-05-02,0.009458931512402069,0.007948447816073179
2016-05-03,-0.009276561681172524,-0.008703222382169806
2016-05-04,-0.006431613884598897,-0.005578124387086603
2016-05-05,-0.0002855247022223173,-0.00019511925387660778
2016-05-06,0.005332514829840873,0.0036591119231708102
2016-05-09,0.0028409910131537153,0.0008262193008548024
2016-05-10,0.013694635894284657,0.012433996913528755
2016-05-11,-0.00903735825749441,-0.009354654816484675
2016-05-12,-0.0044189230395079715,0.0002903047649318591
2016-05-13,-0.0036827639825682823,-0.008713868704100292
2016-05-16,0.012511675634840236,0.009864933604036175
2016-05-17,-0.012544289327232394,-0.009333394208103196
2016-05-18,0.003602316741996958,0.00029273119882766707
2016-05-19,-0.0051956259127636795,-0.0034651450978305798
2016-05-20,0.01101531831827729,0.00631755820797264
2016-05-23,-0.0013149344255459772,-0.0013624686702481403
2016-05-24,0.020031842318702475,0.012962167048226725
2016-05-25,0.007191679687615249,0.006782801930772964
2016-05-26,0.002929180715846247,0.0002870523766220767
2016-05-27,0.005202701548788546,0.004299290051048343
2016-05-31,0.0019068521715648323,-0.001902911420988751
2016-06-01,9.066154142622906e-05,0.0020491664019293143
2016-06-02,0.0020842083845473702,0.0030440703854248685
2016-06-03,-0.0047020903671118885,-0.002987331315361219
2016-06-06,0.0036341950764933184,0.0050884604591443505
2016-06-07,-0.002534799161797885,0.0015614458671007192
2016-06-08,0.0017244000295244533,0.003259239778484302
2016-06-09,-0.0016310921238779086,-0.0013652496782585732
2016-06-10,-0.011343800638309864,-0.009477378109237988
2016-06-13,-0.008353360300781487,-0.007711641128901658
2016-06-14,0.0,-0.001966967178908874
2016-06-15,-0.0028696170182509473,-0.0013940114427636319
2016-06-16,0.0029706658743671177,0.002984373809350238
2016-06-17,-0.011721152140042879,-0.003724500129685726
2016-06-20,0.006291584425553998,0.00644035316988667
2016-06-21,0.003172714108748087,0.0028384273628094814
2016-06-22,-0.002418604962788229,-0.0016313122349710385
2016-06-23,0.014267098660242006,0.013022893378959788
2016-06-24,-0.04118784303607004,-0.035909267396290634
2016-06-27,-0.01984840802211163,-0.01790981026806615
2016-06-28,0.02191352642314026,0.018036060424895917
2016-06-29,0.017710016992082522,0.017027729846647466
2016-06-30,0.011569757755694798,0.013645431161926735
2016-07-01,0.005021722591952216,0.0021005330928902666
2016-07-05,-0.0061069428346107735,-0.007193294368336711
2016-07-06,0.00819236834738657,0.00599790617420104
2016-07-07,0.002954616081285444,-0.0006199487304626716
2016-07-08,0.015467093131690701,0.014890141954166491
2016-07-11,0.005711777652127381,0.0035274621172136644
2016-07-12,0.005048136959305394,0.007263139284124032
2016-07-13,-0.0024217557931380806,-0.00013985266179550315
2016-07-14,0.006833053865987759,0.005583525358232588
2016-07-15,-0.0016071715709921053,-0.0013416823917792309
2016-07-18,0.0066188324274765176,0.002687136250438149
2016-07-19,-0.003642995462691756,-0.0010164268823625866
2016-07-20,0.01168280799650745,0.004162793769141304
2016-07-21,-0.002291888269617126,-0.003777017025115126
2016-07-22,0.004152462526270995,0.0044847547318018766
2016-07-25,8.807531526899837e-05,-0.002715491843770179
2016-07-26,0.0011439421401180372,0.0004614400410596353
2016-07-27,0.006942482431069319,-0.0010608971536224532
2016-07-28,0.003490988553640495,0.0011544999621802
2016-07-29,0.0021744198337954046,0.0016144360806582547
2016-08-01,0.005293456331648905,-0.0008290754716731019
2016-08-02,-0.0075968221951757675,-0.006406991998378908
2016-08-03,0.003305876442067035,0.002922482361299661
2016-08-04,0.0028609887179062987,0.0010639436973753913
2016-08-05,0.009596502396684414,0.008178962826358882
2016-08-08,-0.0011134493992370764,-0.0005958218885159239
2016-08-09,0.002314629985463501,0.0005961771038838215
2016-08-10,-0.0025658409387222525,-0.0024750600924935418
2016-08-11,0.004287542720500914,0.0046406078518042015
2016-08-12,0.0006829579114695505,-0.0008689385275270078
2016-08-15,0.0042664641282226246,0.002883800876188225
2016-08-16,-0.005522826458832286,-0.005157423884719958
2016-08-17,0.0017941079029550888,0.0018808875574620743
2016-08-18,0.0002558820055900135,0.0022439627558266118
2016-08-19,-0.0002558165467390072,-0.0014623214282930563
2016-08-22,0.0007677856141545814,-4.5687431083685226e-05
2016-08-23,0.0017893116405480747,0.0020137080060116386
2016-08-24,-0.006464966128548411,-0.0051148971780109465
2016-08-25,-0.0016264781761750058,-0.0006886359164434142
2016-08-26,0.0014580101772241338,-0.001883216646216379
2016-08-29,0.001370032659173237,0.0049242792072261565
2016-08-30,-0.0032496907681024423,-0.0016488989919017927
2016-08-31,-0.001029393900454978,-0.002843838324212089
2016-09-01,0.0025764177713361036,4.601383091484834e-05
2016-09-02,0.0032551181402673546,0.004507908851868914
2016-09-06,0.006232855733334874,0.0030224871597337444
2016-09-07,0.0005940688675412087,-9.141638663734408e-05
2016-09-08,-0.005851581510204595,-0.002282830769190447
2016-09-09,-0.025164049697935176,-0.023935193198017513
2016-09-12,0.017937995333320966,0.014347877813935206
2016-09-13,-0.008939945973080787,-0.01437593720337893
2016-09-14,0.004770549144522018,-0.0003747697902872771
2016-09-15,0.015538720046281318,0.009992833737141105
2016-09-16,-0.00047713322661724344,-0.0038657450428407625
2016-09-19,-0.004347966510390933,0.0001875768363710506
2016-09-20,0.0018837360487655719,4.663424261175386e-05
2016-09-21,0.009829065256312886,0.011245695742919226
2016-09-22,0.007956079626717516,0.006301238648071639
2016-09-23,-0.006381793608197461,-0.005478976688372161
2016-09-26,-0.008366569214000363,-0.008102388982504705
2016-09-27,0.009885956691234155,0.006208016119474857
2016-09-28,0.0016875998169303408,0.004963571191875404
2016-09-29,-0.007245175660380632,-0.009047251716669313
2016-09-30,0.007467791171213989,0.007546093491926031
2016-10-03,-0.0014317502796451498,-0.002403897385029552
2016-10-04,-0.0015183024762647213,-0.005097933972952995
2016-10-05,0.0035481618274646465,0.004425351418478662
2016-10-06,-0.000505215763419109,0.0006956262633344146
2016-10-07,-0.0021898019015231807,-0.003429757092546337
2016-10-10,0.006330498292952846,0.005208372714222476
2016-10-11,-0.014259306586288045,-0.01262944269515398
2016-10-12,-0.0008509407344683417,0.0013115804255308117
2016-10-13,-0.003576730683763074,-0.0032752831374629476
2016-10-14,0.0011964999428510925,0.0005162048825062548
2016-10-17,-0.0027320665790686594,-0.003471560543091945
2016-10-18,0.00890291247140862,0.006261710367564621
2016-10-19,-8.478624445706906e-05,0.0026676313737594715
2016-10-20,-0.0011881472080514932,-0.001866968294475635
2016-10-21,0.0037381929124495894,0.0004675733261823023
2016-10-24,0.012018663021515108,0.004252786760624128
2016-10-25,-0.00317812161036668,-0.003350422051738744
2016-10-26,-0.006796051732107178,-0.002007750688521881
2016-10-27,-0.004561518814316878,-0.002666837868596117
2016-10-28,-0.0062794736789961725,-0.002955514316990482
2016-10-31,-0.0009393988070737214,4.6993275253814915e-05
2016-11-01,-0.007522396425560185,-0.007245030589587365
2016-11-02,-0.008009451307233073,-0.0060187852485907856
2016-11-03,-0.00981071925096888,-0.004576861387019182
2016-11-04,-0.003507251588947158,-0.001101765134893018
2016-11-07,0.023756821977851228,0.02205695127798024
2016-11-08,0.006532366809219203,0.004504059320031395
2016-11-09,0.004611264658817671,0.01060176620720088
2016-11-10,-0.016149588385869773,0.0024956575987171714
2016-11-11,0.0004316589691011341,-0.0023051848620537774
2016-11-14,-0.010103864366973525,0.0007857190505786704
2016-11-15,0.013871065660275628,0.007802679906738108
2016-11-16,0.005937019793929688,-0.0018781862965988605
2016-11-17,0.007270421016399409,0.005140635748441813
2016-11-18,-0.003736328478548989,-0.002237704314128397
2016-11-21,0.010398979552071808,0.007551792334296925
2016-11-22,0.003036930437797958,0.001952888651178153
2016-11-23,-0.004036957666635255,0.0005442558409085585
2016-11-25,0.0032088473292846142,0.003715506845198391
2016-11-28,-0.00227276460111403,-0.004694984880516118
2016-11-29,0.0034589973570722243,0.0019502091703673674
2016-11-30,-0.012106869931389319,-0.002399107003553169
2016-12-01,-0.01727664024866793,-0.003675256534624971
2016-12-02,0.001991790043793129,0.0005007008835868909
2016-12-05,0.007778725674282505,0.006008738400805402
2016-12-06,0.002401699821761305,0.0031674040594384945
2016-12-07,0.012662447178102054,0.01308077438223032
2016-12-08,0.0017740931087104617,0.002448790548696289
2016-12-09,0.007843689175191182,0.006040598619053705
2016-12-12,-0.00451883367729744,-0.0011481253688219173
2016-12-13,0.01260925695013837,0.006674283829775751
2016-12-14,-0.0020755320431607993,-0.008254161362865053
2016-12-15,0.0015806009000045584,0.004117014104414007
2016-12-16,-0.0037068856789865823,-0.001955809590312718
2016-12-19,0.004096917711745363,0.002177415389147397
2016-12-20,0.0038306242250700784,0.003857369630853924
2016-12-21,-0.0007466173144315968,-0.002782269266892956
2016-12-22,-0.002822466530850165,-0.001727503528845098
2016-12-23,0.0006660054500227108,0.0014639480238947122
2016-12-27,0.0051581069103612265,0.00248109939295027
2016-12-28,-0.007780157035501278,-0.008264542610316505
2016-12-29,-0.0014182646163858337,-0.0002226687206332567
2016-12-30,-0.010274939947366613,-0.0036552564372164253
2017-01-03,0.008946930160850242,0.007650186897997013
2017-01-04,0.005437447192392142,0.0059492565223453475
2017-01-05,0.005657749436429604,-0.0007946159906120354
2017-01-06,0.008769748180539993,0.0035778310052692053
2017-01-09,0.003280394082566085,-0.003300833933154501
2017-01-10,0.002207194108648336,0.0
2017-01-11,0.0026916003266650446,0.0028262407100239084
2017-01-12,-0.0015454409227909638,-0.002510026692742806
2017-01-13,0.0034219584176145013,0.0022953757192798463
2017-01-17,-0.0030044088280194448,-0.003523151732023333
2017-01-18,0.0020360444772931086,0.002209656997955056
2017-01-19,-0.0004875836847750836,-0.00370446211858666
2017-01-20,0.002195263113860868,0.0036740472869942753
2017-01-23,0.0008114971451971265,-0.002602066580628337
2017-01-24,0.006728836500920599,0.006411586128070468
2017-01-25,0.010065876992294331,0.008655792678667673
2017-01-26,0.0010366695067889342,-0.0010454823509858935
2017-01-27,0.0019115801784577169,-0.0015700971584270418
2017-01-30,-0.007790586266544719,-0.006201361556414708
2017-01-31,-0.002002410065669702,-8.789694231825518e-05
2017-02-01,0.006903339975248501,0.0003953368056457407
2017-02-02,-0.0008769572458519059,0.0006591805543687546
2017-02-03,0.0028729920688244093,0.0068930117052055095
2017-02-06,0.001193353825555521,-0.0017878234684070016
2017-02-07,0.003655622966438843,4.360595824981495e-05
2017-02-08,0.001662690522799437,0.0013106044988679955
2017-02-09,0.0036365194764178543,0.005932540452784796
2017-02-10,0.00330802449355061,0.0039460293368656085
2017-02-13,0.005652484513388734,0.005442558621731042
2017-02-14,0.0033567452946787757,0.003995168923974557
2017-02-15,0.0059132496653693245,0.00522061757064729
2017-02-16,-0.0003093842007801939,-0.0008513185305178972
2017-02-17,0.004332530348117647,0.001576269847348044
2017-02-21,0.004930067599366206,0.005955147349775869
2017-02-22,0.00038338507430246693,-0.0008880290929237367
2017-02-23,-0.003754660968660617,0.0006773453175592525
2017-02-24,0.0019227863835669101,0.0012687308334347058
2017-02-27,0.0012285716267570468,0.0015628953194775086
2017-02-28,-0.0030672857410970478,-0.002699147734551266
2017-03-01,0.01092179042185304,0.013997386541560353
2017-03-02,-0.00502146149468663,-0.006297147115668866
2017-03-03,0.001834969396636632,0.000629269570928459
2017-03-06,-0.0022133255681070496,-0.0029777075734409575
2017-03-07,-0.0016831190710074884,-0.002987049146052412
2017-03-08,0.0017624238657776292,-0.0018562538373722015
2017-03-09,0.0007648825218895539,0.001268162205522394
2017-03-10,0.004203980757236714,0.0035038208160342865
2017-03-13,0.0016742303583363594,0.0005048833791136964
2017-03-14,-0.0024315055530087504,-0.003826318726889877
2017-03-15,0.006169748275435927,0.008653326122228133
2017-03-16,-0.0006815841640287479,-0.0019671809426604625
2017-03-17,-0.00034907147665497185,-0.001755800891151016
2017-03-20,0.000911135006138819,-0.0010972071842783038
2017-03-21,-0.015173280068756956,-0.012839286546618367
2017-03-22,0.006779197095707845,0.002353200584338966
2017-03-23,-0.0025250265033305297,-0.0010672078221343195
2017-03-24,0.002070984900223838,-0.0007264645292149874
2017-03-27,0.0016076581563948533,-0.0010261690889797892
2017-03-28,0.006114295094408639,0.007276788843821658
2017-03-29,0.004633923156046382,0.000934799992784896
2017-03-30,0.0016636379059082884,0.0031843470297774346
2017-03-31,-0.0006796801333556202,-0.0023275558223812
2017-04-03,-0.0006040528608842743,-0.0017393300608360418
2017-04-04,0.0015867506474438464,0.0006373775128163395
2017-04-05,-0.004074645185012327,-0.002972683978382462
2017-04-06,0.0005305882919230953,0.002811076199170648
2017-04-07,-0.0005303069172816199,-0.0010194328494902427
2017-04-10,0.0003787981842799937,0.0005950942845458496
2017-04-11,-0.004317304066779104,-0.0011897813175625327
2017-04-12,-0.004032355244737662,-0.004381597366301504
2017-04-13,-0.003971866966096527,-0.006494802978708636
2017-04-17,0.00828233508837073,0.008859680236093848
2017-04-18,-0.0015209632891063363,-0.002984442866802328
2017-04-19,0.0015995740904266587,-0.0018384653597386391
2017-04-20,0.008365587555664966,0.008139042782685957
2017-04-21,-0.00022625290995059721,-0.0031867532068747817
2017-04-24,0.012070042869094966,0.010998291496792545
2017-04-25,0.007230446004857116,0.005818364421035227
2017-04-26,-0.0014063007491433854,-0.0006285516821393777
2017-04-27,0.0060024420080282415,0.0008388185677798976
2017-04-28,0.001768368394124975,-0.002179604446822969
2017-05-01,0.008897197431790627,0.0025201360167736997
2017-05-02,0.0016763815168192586,0.0003772368567300788
2017-05-03,-0.003201510509588945,-0.0012147616352499169
2017-05-04,0.00036468000071154805,0.0011741156736804204
2017-05-05,0.0036490271335636315,0.00393725255134747
2017-05-08,0.0021808654833712637,-0.00016704571681203095
2017-05-09,0.0034822864826231648,-0.0009180193923479241
2017-05-10,0.0005788172841325601,0.001795845203210522
2017-05-11,-0.0007949438192355052,-0.002042648320385476
2017-05-12,0.0022416406633922747,-0.0016708433440479897
2017-05-15,0.003174718531499199,0.005523418153281501
2017-05-16,0.004171187653901454,-0.0009155742641494546
2017-05-17,-0.025425614258991147,-0.0177440158542449
2017-05-18,0.008744868619220192,0.0040282614278068785
2017-05-19,0.004225518152684016,0.0065042744338301706
2017-05-22,0.008416183739319072,0.005077338217591931
2017-05-23,0.0010066885824706606,0.002212878318274436
2017-05-24,0.004599862196792426,0.0023327992323562974
2017-05-25,0.008513465357443906,0.004779476864746002
2017-05-26,0.00177364835663818,-0.000206808513751211
2017-05-30,0.0008498208784204486,-0.000868599820163074
2017-05-31,-0.0003543756775293838,-0.0002483348165559507
2017-06-01,0.0038933051112119976,0.007952057643810795
2017-06-02,0.011420886783849449,0.0033283869129330235
2017-06-05,-0.0002089398155938893,-0.0007372200819967256
2017-06-06,-0.003973970965908014,-0.0031964939901737432
2017-06-07,0.003919432435705694,0.0018500336178035592
2017-06-08,0.0010458968965192383,0.0004925570964477988
2017-06-09,-0.025004687643394696,-0.001517933752852696
2017-06-12,-0.005358111766409213,-0.00020540660408030487
2017-06-13,0.00811628661100916,0.004890001314668879
2017-06-14,-0.004346555379169059,-0.0012676274928211662
2017-06-15,-0.0044362121862608905,-0.0019245644313440335
2017-06-16,-0.004338625042957123,0.00021845276530285673
2017-06-19,0.01672116658679923,0.008325214772827882
2017-06-20,-0.007831640153818209,-0.006744149827153767
2017-06-21,0.009902457756671312,-0.00024675292130982296
2017-06-22,-0.00028423503992935917,-0.0004529870376741574
2017-06-23,0.003838091276788802,0.0011942592642788519
2017-06-26,-0.004673217752124703,0.0006580932365591874
2017-06-27,-0.018139256454950736,-0.008055924358705169
2017-06-28,0.014417653094318972,0.008950265331882923
2017-06-29,-0.01735516954569505,-0.008788900358513874
2017-06-30,0.0003637518941239648,0.0018644327601700095
2017-07-03,-0.010534374885596387,0.0016959534042262359
2017-07-05,0.00983850148412091,0.0023118925932021916
2017-07-06,-0.009016005350392597,-0.009144536335824571
2017-07-07,0.01078577781877832,0.00648484250741399
2017-07-10,0.00653298435550953,0.001074206851952475
2017-07-11,0.0028128930124970974,-0.0007425764323261141
2017-07-12,0.011866235167206085,0.007514635651683754
2017-07-13,0.00220336149085143,0.0016802323459477186
2017-07-14,0.007871758439312426,0.004664283555604776
2017-07-17,0.0004926098827278125,-0.00012241775934784815
2017-07-18,0.006680744505905167,0.0005295144638377547
2017-07-19,0.005868744678592108,0.005414065422291614
2017-07-20,0.0013197627037850879,0.00044514999566747093
2017-07-21,-0.00041615279719187104,-0.000890117530130019
2017-07-24,0.00457969900627031,-0.0002431700303880957
2017-07-25,-0.0025558451093176116,0.0024310082330687433
2017-07-26,0.0032549149676046607,4.0333184828433843e-05
2017-07-27,-0.0062814709635886645,-0.0009295463873379983
2017-07-28,-0.0008335197854592025,-0.001173124129875358
2017-07-31,-0.004241363237718843,-0.0005671852975192015
2017-08-01,0.0023042590217905445,0.002229232674948012
2017-08-02,0.0027169956803898554,0.0004849054498419214
2017-08-03,-0.003890666497384898,-0.0019397486513658135
2017-08-04,0.0018129884094164606,0.0018222936569571857
2017-08-07,0.006335385876544697,0.0018590292030418176
2017-08-08,-0.001729609725983683,-0.0024608281907796403
2017-08-09,-0.001316295886788721,-4.043046198987099e-05
2017-08-10,-0.02144059732742387,-0.014115357469918877
2017-08-11,0.007586991916246122,0.0014766841379705298
2017-08-14,0.012877844279151285,0.009913484116284677
2017-08-15,0.0006950076074851985,-0.000121788375920584
2017-08-16,0.0017354123333854776,0.0017441562839426439
2017-08-17,-0.02044557879392339,-0.015590677765813465
2017-08-18,-0.0007080222265786196,-0.0015632193761299096
2017-08-21,-0.0012744481464000978,0.000782724656261724
2017-08-22,0.015242938313879462,0.010457149597814297
2017-08-23,-0.003561203597432283,-0.0035853389403419644
2017-08-24,-0.002943397674690873,-0.0023308424619505885
2017-08-25,-0.0021091215292452503,0.0023362879811803516
2017-08-28,0.003099383763807806,4.080485599367023e-05
2017-08-29,0.003932399231131978,0.0011448641376077262
2017-08-30,0.011750761464981885,0.004737605216720953
2017-08-31,0.010715407011291367,0.006016115566194635
2017-09-01,-0.0013682107004582278,0.0014142488181880797
2017-09-05,-0.008972471562352147,-0.007182265239544794
2017-09-06,0.003041118819976818,0.003414009239926852
2017-09-07,0.0023426377940800602,-0.0001216820783042083
2017-09-08,-0.00866178057401712,-0.0011747635020271652
2017-09-11,0.011511083642421704,0.010665962416600783
2017-09-12,0.002399286023306413,0.0033705737736930974
2017-09-13,0.001368023920141015,0.0004798930242573274
2017-09-14,-0.0058734926760327655,-0.0003198924789810098
2017-09-15,0.0034351210039489377,0.0013466244379505277
2017-09-18,-0.001310729970990021,0.0021266115008504727
2017-09-19,0.00171775922002948,0.0010012625010538123
2017-09-20,-0.003086442682702528,0.0003596932028564481
2017-09-21,-0.0061228135311420795,-0.0026790099653259958
2017-09-22,-0.00096915816415033,0.0002002084668026871
2017-09-25,-0.010532288255872935,-0.002044301316126429
2017-09-26,0.002590652750979361,0.0006023684858706968
2017-09-27,0.009010825909190334,0.003894194623107472
2017-09-28,-0.0003464796392851355,0.0011999015537227375
2017-09-29,0.007201684098528283,0.003515222487350478
2017-10-02,0.00089375994170382,0.004338657754987318
2017-10-03,0.002129626832787279,0.00214014143646013
2017-10-04,0.0009593263151175258,0.001186428340247625
2017-10-05,0.009792644456839028,0.005924904445895551
2017-10-06,0.0013561883411217224,-0.0011387057486140773
2017-10-09,-0.0011514725644717894,-0.001651070961971035
2017-10-10,0.0007460261174909721,0.002638455102092374
2017-10-11,0.0029815513157940288,0.0015708322356950966
2017-10-12,-0.0018240626438784657,-0.0014901493157221113
2017-10-13,0.0038570821684864587,0.0012174749959232845
2017-10-16,0.0034379283106120706,0.0013335961050255918
2017-10-17,0.0012766194543381015,0.0007051497748686852
2017-10-18,-0.001207630035005347,0.0009785208034043258
2017-10-19,-0.0036948222964350297,0.00027394261915714146
2017-10-20,0.0026973763885984603,0.005160213227832333
2017-10-23,-0.006522929781613729,-0.0038894579552871678
2017-10-24,0.001692077002361403,0.0017573329622504463
2017-10-25,-0.003784273781245573,-0.004950249713916444
2017-10-26,-0.0031878560787867993,0.0012927174197514546
2017-10-27,0.0291237047623909,0.008176137815243623
2017-10-30,0.0022482179249201373,-0.003725324794513818
2017-10-31,0.003760346766322531,0.0015582103854134832
2017-11-01,-0.00032886159485223665,0.0013221866654606895
2017-11-02,-0.0019065366561088481,0.0003880928805701789
2017-11-03,0.009617344510065795,0.0033389147350910697
2017-11-06,0.0033925314942802043,0.0015475539797371596
2017-11-07,0.0005853231482060295,-0.0006953841324138788
2017-11-08,0.004028991847461194,0.001701146144337251
2017-11-09,-0.005242444209563435,-0.003627941230542331
2017-11-10,-6.532365028555365e-05,-0.00030980581884110237
2017-11-13,0.001236496530046205,0.0009298411982145982
2017-11-14,-0.003639451107858238,-0.0023226129762068393
2017-11-15,-0.004696296163505087,-0.005005107238416406
2017-11-16,0.012778977948756598,0.008500884842977507
2017-11-17,-0.003817625203419106,-0.0029386774881363653
2017-11-20,-0.0007795147350128095,0.001706218187965236
2017-11-21,0.01085635061829704,0.006543058461325302
2017-11-22,0.001221504297773901,-0.0008847175451330846
2017-11-24,0.003661288213962388,0.00230989405406401
2017-11-27,-0.0004477792919872492,-0.0004993763513144733
2017-11-28,0.002560565266156667,0.010144679506234544
2017-11-29,-0.017433923959047193,-0.0006083334554752851
2017-11-30,0.008384449633041857,0.008754907844812143
2017-12-01,-0.004254014195121725,-0.0020753950272067723
2017-12-04,-0.011521774869445833,-0.0012100800402419232
2017-12-05,0.000654676197300974,-0.0035967132775653887
2017-12-06,0.0045155164342221,0.00018977738686642986
2017-12-07,0.003387659461707049,0.0031534192101569936
2017-12-08,0.0044149626096405825,0.005453103896736922
2017-12-11,0.007756624476877416,0.0030128077308768653
2017-12-12,-0.00134685511715249,0.0017648623579000766
2017-12-13,0.001927267059506521,-0.0001122553866502729
2017-12-14,-0.0007051670900881657,-0.004086357850473732
2017-12-15,0.011354522565039327,0.008327482101691652
2017-12-18,0.008384596633957964,0.006341214784068461
2017-12-19,-0.005925528934331292,-0.003840445765608713
2017-12-20,-0.0010780620009436248,-0.0005240857032733359
2017-12-21,0.0001268893870700616,0.002059857227255213
2017-12-22,-0.0011424739922558658,-0.00026183666471268907
2017-12-26,-0.005401203876121863,-0.0011961272936330536
2017-12-27,0.00012770818134266726,0.0004867450340952928
2017-12-28,0.0012139488170981316,0.0020574266126389684
2017-12-29,-0.0061895099695064015,-0.0037708281485612227
2018-01-02,0.01752732919344724,0.00715735452309163
2018-01-03,0.00971659465701813,0.0063253661509865555
2018-01-04,0.0017495062690473517,0.004214842150534581
2018-01-05,0.010042947756222276,0.0066641476656366105
2018-01-08,0.003891090515654838,0.0018285029535933806
2018-01-09,6.16342240058465e-05,0.0022633758598897824
2018-01-10,-0.0023378871700737713,-0.0015296058153581038
2018-01-11,0.00684457358692514,0.007295843200010976
2018-01-12,0.007348755972593324,0.006518888780771892
2018-01-16,-0.0028571509837216347,-0.0034180481897209125
2018-01-17,0.010791122774472361,0.00953137845364549
2018-01-18,0.0001808999260441979,-0.0016807789910852078
2018-01-19,0.0031361342421902805,0.004549713617350015
2018-01-22,0.010701137181316156,0.008130931024007193
2018-01-23,0.008267769918836487,0.0021227692893714956
2018-01-24,-0.006489207559467136,-0.00038853451080755885
2018-01-25,-0.00035626693561197076,0.00042381920542133855
2018-01-26,0.015324842169439412,0.011577700390692058
2018-01-29,-0.0048556871029435955,-0.006630189044504742
2018-01-30,-0.008230147844848879,-0.010256639386178268
2018-01-31,0.00414888792704593,0.0004967002394884457
2018-02-01,-0.008500249805669657,-0.0011351308886575762
2018-02-02,-0.0199452343638038,-0.021770148312051485
2018-02-05,-0.03942641861522689,-0.0418223100732944
2018-02-06,0.026498875316779413,0.0197023638545466
2018-02-07,-0.012938367987824329,-0.005425013212277396
2018-02-08,-0.04219463456525174,-0.03750894980473651
2018-02-09,0.017269492245870932,0.015021521925148384
2018-02-12,0.01774473396024634,0.014684742587899091
2018-02-13,0.00516183554226024,0.0024872694644579862
2018-02-14,0.01872352385465903,0.013496003562898373
2018-02-15,0.01856395337075112,0.012760130132283276
2018-02-16,-0.004465563606411149,0.00029304994280665575
2018-02-20,0.0020004978017018615,-0.006261341831673706
2018-02-21,-0.0028434196386479815,-0.004973891467549008
2018-02-22,-0.00012157069335816395,0.0012959830075631729
2018-02-23,0.020449169244239673,0.015939496657784158
2018-02-26,0.013260360181025943,0.011612061239975047
2018-02-27,-0.012382706172512248,-0.012486469527218436
2018-02-28,-0.0064173786702061975,-0.010130072726822537
2018-03-01,-0.016326528643185068,-0.014540662811922567
2018-03-02,0.009180197945995117,0.005154978036018498
2018-03-05,0.011084772868048098,0.011557735904769828
2018-03-06,0.004230860625859423,0.0025353558140088772
2018-03-07,0.002313900797569657,-0.0003669605969753853
2018-03-08,0.0055049959726996,0.0048390532684225995
2018-03-09,0.019427797053703788,0.017402415547502992
2018-03-12,0.005313500339972244,-0.0012549945013545782
2018-03-13,-0.013614411593718345,-0.006462528538893175
2018-03-14,-0.00017513276360059393,-0.005131643098623795
2018-03-15,-0.0008734679072197604,-0.0010896226668856146
2018-03-16,-0.0029736098707745517,0.00108447520770949
2018-03-19,-0.021336193051341823,-0.013530685230538353
2018-03-20,0.0032915628976433187,0.0017008764614481198
2018-03-21,-0.00435430445601892,-0.0019192200756927846
2018-03-22,-0.02468255791703533,-0.024997195594992028
2018-03-23,-0.026351583853395866,-0.021314733142781983
2018-03-26,0.03715858333186839,0.027359045020975747
2018-03-27,-0.0323598881213375,-0.01701156540310933
2018-03-28,-0.011503387542244337,-0.002955007016418487
2018-03-29,0.018314903129397653,0.012777725642848736
2018-04-02,-0.028851878581828472,-0.021584578023774892
2018-04-03,0.011253113594126285,0.012816858298186018
2018-04-04,0.015770391845699283,0.010699387727938214
2018-04-05,0.0056963174038513475,0.007891803714140888
2018-04-06,-0.025023077610251465,-0.022285716898962638
2018-04-09,0.007022971350135299,0.004928334841580062
2018-04-10,0.022062935249106852,0.01590025464025624
2018-04-11,-0.005768867816603573,-0.005242046541047762
2018-04-12,0.012041623220377051,0.008226976001385333
2018-04-13,-0.005178729416998262,-0.0029331744470686427
2018-04-16,0.007622279874665905,0.00822187739226865
2018-04-17,0.02152516572278551,0.010698259497646134
2018-04-18,0.002047357344876266,0.0007403269501169429
2018-04-19,-0.009192590534547573,-0.005547766885192318
2018-04-20,-0.015826922851528202,-0.008479150519169254
2018-04-23,-0.002526299827210088,-0.00014971509867656163
2018-04-24,-0.021187170435086666,-0.013467587556734273
2018-04-25,0.0011988221171195246,0.0024715991787160885
2018-04-26,0.021052745928235694,0.010165692392763992
2018-04-27,0.0006178689407903004,0.00093892399753015
2018-04-30,-0.007095143045123153,-0.007690678546811602
2018-05-01,0.011432389354563144,0.0017770552478832968
2018-05-02,-0.005897076584914118,-0.006717515275802777
2018-05-03,-0.00012352441329133157,-0.0022038075237249544
2018-05-04,0.0189734440471796,0.012946484682541781
2018-05-07,0.008309926454317829,0.003383236837799508
2018-05-08,-0.0010225742420001405,0.0
2018-05-09,0.010898934935667848,0.009666083585992968
2018-05-10,0.010364651443034223,0.009350479012101509
2018-05-11,-0.0009434178161534801,0.0030510554637135368
2018-05-14,0.0017113515885107677,0.00047684557587857057
2018-05-15,-0.011075413830001102,-0.006887347446541403
2018-05-16,0.006612323724938918,0.0042049817706451
2018-05-17,-0.003846395442393624,-0.0008447802372932856
2018-05-18,-0.005168232612187018,-0.0024998615512336064
2018-05-21,0.005613193192184118,0.007518763328708156
2018-05-22,-0.0013066331647236806,-0.0027804021295529946
2018-05-23,0.008443555849597217,0.002751294686655248
2018-05-24,-0.00029469257998648857,-0.0020484451630797818
2018-05-25,0.00100242112441018,-0.002382883141647252
2018-05-29,-0.004418782230271701,-0.011501086359316348
2018-05-30,0.007160761088241152,0.013344748231754133
2018-05-31,-0.0006460573794735414,-0.006125638128419375
2018-06-01,0.015699039256263925,0.009817500850946903
2018-06-04,0.009031231298770148,0.004751768267616363
2018-06-05,0.0030978380097690383,0.0007272003223190993
2018-06-06,0.005834117384884818,0.008360290974084084
2018-06-07,-0.008131691192835522,-0.0001080438827080199
2018-06-08,5.771280372868226e-05,0.0029567304127715577
2018-06-11,0.00269406287710261,0.0013300249067751402
2018-06-12,0.005259645015400549,0.0012924974900465624
2018-06-13,-5.670365442689285e-05,-0.003191233661408166
2018-06-14,0.0101238710729461,0.0025177659296633514
2018-06-15,-0.003490655746105076,-0.0012755832678741363
2018-06-18,-0.0005775493305942847,-0.0020569311203628704
2018-06-19,-0.00283286557525142,-0.0038325382743126246
2018-06-20,0.007101872807547371,0.0017058761481991702
2018-06-21,-0.008688154344362764,-0.006268914423229854
2018-06-22,-0.002219202629271666,0.0018230814663149353
2018-06-25,-0.02253034549548938,-0.013613076492024923
2018-06-26,0.004084210115620657,0.002214262048337856
2018-06-27,-0.013598853484396156,-0.008284310261133965
2018-06-28,0.008602075596373604,0.005717543462073094
2018-06-29,0.0026869570622027883,0.0014397396197669554
2018-07-02,0.006699625766676487,0.002137971715086451
2018-07-03,-0.011573908933946386,-0.0035313441668475276
2018-07-05,0.012411806846772677,0.008158139251894791
2018-07-06,0.01555669055272868,0.008458146301816294
2018-07-09,0.008997001213151723,0.00900471683111359
2018-07-10,0.0007334648175902903,0.003597954885961485
2018-07-11,-0.005075199368264949,-0.00731420064518995
2018-07-12,0.01723166103963547,0.009065963621822437
2018-07-13,0.0008357795318918448,0.0007877525687609577
2018-07-16,-0.0023945508152336537,-0.0008942833714087328
2018-07-17,0.006083853738860112,0.004044823957569443
2018-07-18,-0.001886408736217593,0.002103708109714386
2018-07-19,-0.00500193704916263,-0.0037717298770637564
2018-07-20,-0.00022318248346087088,-0.0011425039161734318
2018-07-23,0.0031846970752886783,0.00185934105605301
2018-07-24,0.004120894244255213,0.0050321579135201855
2018-07-25,0.013976877102947594,0.008522670104929464
2018-07-26,-0.01515164036320682,-0.002359686983476328
2018-07-27,-0.013496208958653333,-0.006776106412316074
2018-07-30,-0.014131480710319333,-0.00522325164727655
2018-07-31,0.007652611897248418,0.004929082531167195
2018-08-01,0.0037967461042407447,-0.001670403272811316
2018-08-02,0.013607131741020684,0.005447920998963296
2018-08-03,0.0030630311725687864,0.004284161328799607
2018-08-06,0.005886277416628394,0.0036674651291999094
2018-08-07,0.0036437859811222495,0.0033022599403305097
2018-08-08,0.001210391954460821,-0.00042015825537466966
2018-08-09,-0.0006044201879698008,-0.0013659521256446094
2018-08-10,-0.007641416928593214,-0.006700253794370115
2018-08-13,-0.0011077701322664835,-0.003743452024959071
2018-08-14,0.006266796088466808,0.006380854069358399
2018-08-15,-0.012234975735727516,-0.0074676313386625726
2018-08-16,0.0032919893192837613,0.008091459588503547
2018-08-17,0.0002223806853436372,0.0035202971016652373
2018-08-20,-0.000889593056974114,0.0021401398560880747
2018-08-21,0.003672894592442022,0.002345189208150078
2018-08-22,0.003880544876764702,-0.0005936593751570962
2018-08-23,-0.001435398288848977,-0.0013277880137201326
2018-08-24,0.009292029261989354,0.00601826480981793
2018-08-27,0.010192431916721478,0.007895345509100204
2018-08-28,0.0014651360569426508,0.00048322903118402927
2018-08-29,0.011537651860352938,0.0053807084214057
2018-08-30,-0.0017669130997899352,-0.004048371339617329
2018-08-31,0.0012874590264784214,3.463732754083182e-05
2018-09-04,-0.004286155541075587,-0.0017222249201107598
2018-09-05,-0.012913730771319631,-0.002691732752286624
2018-09-06,-0.008939823400858193,-0.0030094733314073308
2018-09-07,-0.003850480832727876,-0.0019436618654297133
2018-09-10,0.003368393999509056,0.0017384530201078885
2018-09-11,0.0077041568394922155,0.003297442428187969
2018-09-12,-0.0029487404877533985,0.00024213503448278217
2018-09-13,0.010680083167374566,0.005914707950127829
2018-09-14,-0.0029262091168189563,0.00017180166721275647
2018-09-17,-0.014402833115090052,-0.0052942887064677535
2018-09-18,0.008271324838950989,0.005426246423265502
2018-09-19,-0.0007655647246340713,0.001065566361408532
2018-09-20,0.011056717802359062,0.008103614062132225
2018-09-21,-0.005468075874033751,-0.00091357790746871
2018-09-24,0.002781090926397667,-0.003322022740641084
2018-09-25,0.001359642675016648,-0.0009279808385136423
2018-09-26,0.0007059078352023018,-0.0029919125252751977
2018-09-27,0.008466050429928318,0.0027944157726134122
2018-09-28,-0.00021557905293367874,0.00010294989310377645
2018-10-01,0.0020454633967230684,0.003474023742061183
2018-10-02,-0.0022558701572947815,-0.0005826002388413798
2018-10-03,0.0010764593633783015,0.0005488435999845276
2018-10-04,-0.019198663288420237,-0.00781602364440015
2018-10-05,-0.012227433177655622,-0.005596735109104967
2018-10-08,-0.0061055940575234224,0.0
2018-10-09,0.003239469394751504,-0.0014594951260726852
2018-10-10,-0.04397956327412755,-0.031663009204596304
2018-10-11,-0.012403230409836374,-0.022026585811527388
2018-10-12,0.027830389564344138,0.013888418454681695
2018-10-15,-0.012104176021718982,-0.005617098997077075
2018-10-16,0.029092238787198355,0.021865919364584263
2018-10-17,0.00039507170678221293,0.00017824792593579275
2018-10-18,-0.023182564345737622,-0.014440967001125515
2018-10-19,-0.0009238224459949818,-0.0005422957722832633
2018-10-22,0.005144139958884741,-0.004489146363018781
2018-10-23,-0.0036801464530756833,-0.005090637143914778
2018-10-24,-0.04576674548842796,-0.030298681528799776
2018-10-25,0.03459540223594537,0.01794079959435635
2018-10-26,-0.025722216308256884,-0.017587728492983734
2018-10-29,-0.02058088595654306,-0.00554011862116921
2018-10-30,0.01648047655128959,0.014818342896852243
2018-10-31,0.02350477041025756,0.010681238379800062
2018-11-01,0.013190356711580531,0.01064144032750236
2018-11-02,-0.015575498728515491,-0.005922893285169928
2018-11-05,-0.0024798641866825566,0.005516896995466203
2018-11-06,0.0075756424782162934,0.006328183801812326
2018-11-07,0.03136763404656273,0.02140859429515074
2018-11-08,-0.00637909274556836,-0.0018149656754578025
2018-11-09,-0.016851657301262923,-0.009768135245028398
2018-11-12,-0.030259050336466253,-0.01868499970804305
2018-11-13,0.0008417794215749286,-0.0018712278479087185
2018-11-14,-0.007629203056153111,-0.0068368593498588925
2018-11-15,0.017494311389167017,0.010436738041006866
2018-11-16,-0.0035101560776735763,0.0026005347219986152
2018-11-19,-0.03247757165991505,-0.01691426451638689
2018-11-20,-0.017894548328378,-0.018506303923884526
2018-11-21,0.007602399132053073,0.003407465309975377
2018-11-23,-0.0072332090149501704,-0.006678541619737577
2018-11-26,0.023113832989806626,0.016144263482659182
2018-11-27,0.0033765692177483153,0.0033646672836498137
2018-11-28,0.03218296388081865,0.023025063905644627
2018-11-29,-0.0032600906605725344,-0.0021849393773593073
2018-11-30,0.0072554818279009226,0.006095344322798013
2018-12-03,0.017476400063352493,0.013241250165892282
2018-12-04,-0.03835651968853315,-0.03240231740793775
2018-12-06,0.007060107825270778,-0.001517406838710711
2018-12-07,-0.03301580526483261,-0.02323580604886899
2018-12-10,0.010472032824617505,0.0018972765223597143
2018-12-11,0.0033115482213526004,0.00022698151771249897
2018-12-12,0.008801517427261318,0.005035306662860339
2018-12-13,0.0003029877979610074,-0.00033878679212251406
2018-12-14,-0.0243490699333182,-0.018464985060524963
2018-12-17,-0.022659652919515105,-0.019618397771420604
2018-12-18,0.0062887595289600196,-0.00109649949943591
2018-12-19,-0.024554965741355184,-0.014975623978151664
2018-12-20,-0.014495890865217409,-0.016277992848862666
2018-12-21,-0.030992989936696524,-0.02048950870854216
2018-12-24,-0.024798165778957437,-0.02642277549005778
2018-12-26,0.06243887211988941,0.05052470097221651
2018-12-27,0.0038698857932484287,0.007677316946129498
2018-12-28,-0.0005227411202213261,-0.0012900808389082474
2018-12-31,0.008433177757168231,0.008758979803990652
2019-01-02,0.004019076769717689,0.001040243407652408
2019-01-03,-0.032670413903469475,-0.023862871021789744
2019-01-04,0.04278441290185908,0.03349594969176328
2019-01-07,0.011905709102240092,0.007884548924981694
2019-01-08,0.009045410010485755,0.00939540174363307
2019-01-09,0.00814968633992108,0.004673553487581028
2019-01-10,0.002859966016640403,0.003527503330606585
2019-01-11,-0.0036580538038829546,0.0003863985338257159
2019-01-14,-0.0088367304535375,-0.006100956056121376
2019-01-15,0.01952644314867924,0.011460776326397415
2019-01-16,-0.00018492468727826505,0.002419777826788261
2019-01-17,0.007884353098642771,0.007586966878100343
2019-01-18,0.009900360893931426,0.013309821595433258
2019-01-22,-0.02003025129251479,-0.013510724629794524
2019-01-23,0.0012971009152416002,0.0020926894233577187
2019-01-24,0.006475327219500393,0.000531460038937448
2019-01-25,0.011948238936547062,0.008461537463374968
2019-01-28,-0.012352245771282355,-0.007600491451739133
2019-01-29,-0.009441422857400128,-0.001326854757150664
2019-01-30,0.02543772941231337,0.015830654124287635
2019-01-31,0.01496878148429448,0.008782702605983905
2019-02-01,-0.004222092331203853,0.0004816281629138608
2019-02-04,0.01242161552368981,0.00703498370230049
2019-02-05,0.008847681889226688,0.004192144383551311
2019-02-06,-0.00298154333475642,-0.0013182920519980712
2019-02-07,-0.01342953215515641,-0.009532758115674778
2019-02-08,0.0019615333300431192,0.0012213326267602742
2019-02-11,-0.0009494722096203834,0.0005548878048089456
2019-02-12,0.01478647542136069,0.012858966122973436
2019-02-13,0.0007020205159622428,0.0032472442123780976
2019-02-14,0.001227931311808872,-0.002218076374181699
2019-02-15,0.0042052205953870825,0.010897103765221017
2019-02-19,0.001977454432855019,0.0017309510922167703
2019-02-20,-0.00017429806492008648,0.0020151738994456103
2019-02-21,-0.0036571824064421943,-0.0035560208557162687
2019-02-22,0.007400032905606979,0.006200172780383539
2019-02-25,0.003644106064195185,0.00136088625696007
2019-02-26,0.0010369318103242708,-0.0007149991753774287
2019-02-27,-0.0006331008985446251,-0.00042999209558947094
2019-02-28,-0.00230434728515283,-0.001862426629822389
2019-03-01,0.006928823953833874,0.006244113451243205
2019-03-04,0.00017200570857123232,-0.0036377295304159674
2019-03-05,0.000745505048485251,-0.0013600485389775319
2019-03-06,-0.005671900989148049,-0.006057005197137921
2019-03-07,-0.012272190436669272,-0.00836541595959106
2019-03-08,-0.0015168285945427185,-0.001999798297867783
2019-03-11,0.02079802608059711,0.014501314220539685
2019-03-12,0.005494204661504076,0.0037708830519613823
2019-03-13,0.007512978892306288,0.006619650399694255
2019-03-14,-0.0016943270276206235,-0.0006403570051081164
2019-03-15,0.009280612227807739,0.004940586102622824
2019-03-18,0.002381342146607457,0.0036259935004931965
2019-03-19,0.003362361825175242,0.00024783014457541164
2019-03-20,0.003965232597993529,-0.0030096969209579827
2019-03-21,0.015632344095634743,0.011294207251076438
2019-03-22,-0.021964264675358947,-0.01924608379035131
2019-03-25,-0.001904080694172472,-0.000751690847173303
2019-03-26,0.004656966907256699,0.007453499517103834
2019-03-27,-0.006422499546709481,-0.005228531608519882
2019-03-28,0.002304396278604681,0.003790212412610794
2019-03-29,0.0075711189485119235,0.006305439213816877
2019-04-01,0.013247493013074596,0.011859216336003175
2019-04-02,0.003790187461073513,0.0004898291947015299
2019-04-03,0.005746179707656562,0.0015736631394085432
2019-04-04,-0.00038093053404997246,0.0026533233350276575
2019-04-05,0.0051712076448791056,0.004840052869127032
2019-04-08,0.002545191372327116,0.0007622207525808111
2019-04-09,-0.0035107652339962936,-0.005124565313890717
2019-04-10,0.0053661987216964135,0.00341126041835782
2019-04-11,-0.002372467291076319,-0.000277429530950446
2019-04-12,0.004323748746001499,0.006765771974936774
2019-04-15,0.00016129538151266054,-0.0006548981358226458
2019-04-16,0.0034437926844022027,0.0006553273084553002
2019-04-17,0.0034851460665190626,-0.0024468618398448827
2019-04-18,0.0012826270167223264,0.0019690430067507148
2019-04-22,0.002828101100587732,0.0008617225316844834
2019-04-23,0.012718139728393751,0.008992086133719601
2019-04-24,-0.0031529046747905687,-0.002219297260510622
2019-04-25,0.004059004342337413,-0.0006162373472688998
2019-04-26,0.0008923370680036236,0.004656982273155252
2019-04-29,0.0019409706377619962,0.0015671802174859195
2019-04-30,-0.007747839102762111,0.0005102600623134723
2019-05-01,-0.003218453556698253,-0.0075160124776252335
2019-05-02,-0.004340401333292276,-0.002158710556364185
2019-05-03,0.01594847184318393,0.009787423673331741
2019-05-06,-0.006122238207866837,-0.004115177253585567
2019-05-07,-0.0194797338885071,-0.01669954047978983
2019-05-08,-0.002524026785191369,-0.0013892370784869268
2019-05-09,-0.005382662630887491,-0.0030258060329494407
2019-05-10,0.00124461374625362,0.005023434697605689
2019-05-13,-0.034702628618464515,-0.025130081394014514
2019-05-14,0.010975650868052078,0.009043501073156657
2019-05-15,0.01412385253261883,0.005857225678778111
2019-05-16,0.010049759063077257,0.00926184222887172
2019-05-17,-0.010219957836650972,-0.006465209129615235
2019-05-20,-0.016881486470452733,-0.006612639649107854
2019-05-21,0.010447412457330163,0.009016018918537094
2019-05-22,-0.004454817697618463,-0.0030715168095014622
2019-05-23,-0.015302195940939067,-0.012218602487170882
2019-05-24,-0.0005049111025884345,0.002268298185633011
2019-05-28,-0.003760781053579798,-0.009300335230361223
2019-05-29,-0.008225633519802988,-0.0067107291147538994
2019-05-30,0.0042038978926624004,0.0027313401351420907
2019-05-31,-0.015953123133979785,-0.013475816897040471
2019-06-03,-0.022017819376437542,-0.002542483312904631
2019-06-04,0.028156493928046755,0.021706620380638197
2019-06-05,0.00743262107281506,0.008662106947551651
2019-06-06,0.007945271845963164,0.006502338254674278
2019-06-07,0.019311767383072054,0.010007221583046899
2019-06-10,0.011654856009181147,0.004589253469519994
2019-06-11,0.0013647846159225985,-0.00024248891184686094
2019-06-12,-0.005779607974392698,-0.0017651298867827903
2019-06-13,0.00592302796062949,0.004126115959820709
2019-06-14,-0.004252438335116904,-0.0011046574450795932
2019-06-17,0.006022939735979005,0.00037961255741869593
2019-06-18,0.014531175393211138,0.010471330477769047
2019-06-19,0.0037552182936937406,0.002257176000806771
2019-06-20,0.009299327005992453,0.009554547138143743
2019-06-21,-0.0014824768897817586,-0.0014535045975282435
2019-06-24,3.1756457273379723e-05,-0.0012246573097438596
2019-06-25,-0.01716657223301865,-0.009807771373631535
2019-06-26,0.004650500759201259,-0.000997542037773247
2019-06-27,0.0038218728034351557,0.003545976847913801
2019-06-28,0.0012864790014639471,0.005145804975746682
2019-07-01,0.013495025629115087,0.009078431061896541
2019-07-02,0.003962692815999702,0.0026044895871988327
2019-07-03,0.007525805018204101,0.007994807752889965
2019-07-05,-0.0020371458684166344,-0.0011377386070214879
2019-07-08,-0.007013876882729142,-0.005494794306802775
2019-07-09,0.005007611953160129,0.0012464701515546572
2019-07-10,0.009965488585225835,0.004777982901554845
2019-07-11,-0.0007271739132234112,0.002344440670877024
2019-07-12,0.0057689597373511425,0.004476746502828366
2019-07-15,0.003203435659839826,0.0003328085559635152
2019-07-16,-0.005150788297447084,-0.0032254677316903013
2019-07-17,-0.00491842672709808,-0.006804567227512437
2019-07-18,0.0011446173018019312,0.003660483315809593
2019-07-19,-0.0073276255399601364,-0.005554776956242069
2019-07-22,0.007957882067888056,0.0024564816555756597
2019-07-23,0.006544011587600318,0.007149835227349577
2019-07-24,0.007017978621537635,0.004699892294135033
2019-07-25,-0.00947950262290298,-0.004777161528174645
2019-07-26,0.010294613557154664,0.006700183017709582
2019-07-29,-0.0034307574680717545,-0.00182136201617622
2019-07-30,-0.004316125159524509,-0.002454681845627582
2019-07-31,-0.013830128643926631,-0.010940799458075467
2019-08-01,-0.0049712715484231396,-0.008707740782372908
2019-08-02,-0.01472520942043365,-0.007529390618928877
2019-08-05,-0.035334783276871784,-0.0300731219511291
2019-08-06,0.013998711240114536,0.014023301294024293
2019-08-07,0.0054022659712194,0.0005898464468403475
2019-08-08,0.021763716571407965,0.019620424001376202
2019-08-09,-0.009401477122276791,-0.006811382384964704
2019-08-12,-0.011475463060664604,-0.012173630748305575
2019-08-13,0.021914922360035005,0.015551950263118064
2019-08-14,-0.02988489298200392,-0.02956757633875795
2019-08-15,-0.0011491627354275336,0.0026418390684972426
2019-08-16,0.016050489708873572,0.01475460338864254
2019-08-19,0.015904322023283957,0.012048257784011085
2019-08-20,-0.007747885009027233,-0.007662888096635068
2019-08-21,0.008878578384363678,0.008135549270176456
2019-08-22,-0.00323411041690691,-0.0003078450314831782
2019-08-23,-0.031645289642352026,-0.02568742032766791
2019-08-26,0.01510372075719979,0.011058599897462384
2019-08-27,-0.0021100276618376546,-0.00392405039462862
2019-08-28,0.0035786057398858873,0.007041815162569076
2019-08-29,0.015290124988798004,0.012773078176722796
2019-08-30,-0.002394959579227862,-0.00044436450953200257
2019-09-03,-0.009707972928064579,-0.005846970084229297
2019-09-04,0.014435518817412563,0.011350269640432398
2019-09-05,0.018319133268086096,0.012855310944178688
2019-09-06,-0.0009909281923931035,0.0007721758212602126
2019-09-09,-0.0020874460247584103,0.0005033971348653576
2019-09-10,-0.002877034006455337,-0.00023452775836008133
2019-09-11,0.00938941669875426,0.00711056304412061
2019-09-12,0.00415757844136877,0.0034642179587487387
2019-09-13,-0.0035708180780168464,-0.0006637531405128128
2019-09-16,-0.0044667739003561024,-0.0030890310307566393
2019-09-17,0.004799785335105833,0.002531915924000261
2019-09-18,-0.00041554796323584053,0.0005981350168191568
2019-09-19,0.0016621379896482047,-6.650724433820976e-05
2019-09-20,-0.01057870160362373,-0.00472446669402915
2019-09-23,0.0004413478001881188,-0.00023485700917003083
2019-09-24,-0.013280836810248609,-0.007846994243803307
2019-09-25,0.011225067812302036,0.005915034982014733
2019-09-26,-0.0036827540997430575,-0.0020829296098983097
2019-09-27,-0.012409051841835606,-0.0053877418453666115
2019-09-30,0.009517294456112158,0.0046377790542830866
2019-10-01,-0.008156270933895371,-0.011894319589276225
2019-10-02,-0.01719425438451616,-0.017665240551541617
2019-10-03,0.010975219595541708,0.00819315783798058
2019-10-04,0.01472544515697205,0.013532214453795488
2019-10-07,-0.0030186077010964096,-0.004314920812145129
2019-10-08,-0.014981106356867002,-0.01552471016175605
2019-10-09,0.009761588268084598,0.00949617749514875
2019-10-10,0.0077443929906810816,0.0067640237725681285
2019-10-11,0.012879092428391248,0.010366277754409792
2019-10-14,-0.00010475667703169211,-0.0011136818369341661
2019-10-15,0.012716745881774072,0.009900516183485752
2019-10-16,-0.0024806312893974614,-0.0016060547995105923
2019-10-17,0.002641828704620819,0.0029493963876168205
2019-10-18,-0.009609696800004786,-0.004377275358242172
2019-10-21,0.008868085006131565,0.006779227814812661
2019-10-22,-0.007962617738435318,-0.003266895110596857
2019-10-23,0.0019283265913045966,0.002909764914321711
2019-10-24,0.009728717345031779,0.0016336530044538389
2019-10-25,0.007985838129167533,0.004095044467316233
2019-10-28,0.009865234302768977,0.005636588496832573
2019-10-29,-0.007744326789664302,-0.00029646881839717754
2019-10-30,0.00484590041545685,0.003067126385229102
2019-10-31,0.0004568900431147771,-0.0026631783078554516
2019-11-01,0.009082715085436899,0.009263676075560223
2019-11-04,0.006184867982853559,0.004017531446939282
2019-11-05,0.0005496802207303197,-0.001106199545625297
2019-11-06,-0.0022477091435775254,0.00022816395683977753
2019-11-07,0.003354243256627365,0.003517118826865673
2019-11-08,0.003991373194544012,0.0024656339072652855
2019-11-11,-0.0013417103768919025,-0.0019094443036713482
2019-11-12,0.0028861909432713606,0.002108125981775011
2019-11-13,0.00024798333059683486,0.00032352724156137214
2019-11-14,-0.0007938547564473319,0.001455619958797394
2019-11-15,0.007347648491969672,0.007236250002723876
2019-11-18,0.0007886120748787917,0.0007377572590392401
2019-11-19,0.001477081162959193,-0.0002883996016453949
2019-11-20,-0.005998990251161906,-0.003719027700512023
2019-11-21,-0.0022258238993829726,-0.0016087493040474188
2019-11-22,0.0006445763660587467,0.0022238970115446843
2019-11-25,0.011841503580546364,0.007750098295755015
2019-11-26,0.0019097120295039627,0.002265829648615547
2019-11-27,0.006988956502141042,0.004457519386005027
2019-11-29,-0.004562009361723907,-0.0037088239133453715
2019-12-02,-0.0102390906952472,-0.008494521055380955
2019-12-03,-0.007832648039296064,-0.006706647381952924
2019-12-04,0.005064321101880154,0.006170310596633977
2019-12-05,0.0019760874254508565,0.001797941404198422
2019-12-06,0.010698481156395268,0.009133879137866785
2019-12-09,-0.0045365958659848715,-0.003143681610223159
2019-12-10,-0.0008329865802667591,-0.0011157074480322438
2019-12-11,0.00529672103660328,0.002839125542448029
2019-12-12,0.007463984519533895,0.008618877150616155
2019-12-13,0.003293194319178294,0.0005991985798758925
2019-12-16,0.01003879565765553,0.00686996961052988
2019-12-17,0.0005737688475202507,0.00021894203282712965
2019-12-18,0.0007640548384963974,6.258640591605413e-05
2019-12-19,0.00625126916418961,0.004099100268545319
2019-12-20,0.0040314945096064925,0.004384226538165725
2019-12-23,0.0026410186962371185,0.0015276189487536396
2019-12-24,0.0005197407079680083,3.0927901836452776e-05
2019-12-26,0.008823814370605643,0.005323613913865488
2019-12-27,-0.0008420074823998203,-0.00024787219647193215
2019-12-30,-0.006554102843570275,-0.005513379113216699
2019-12-31,0.0018850511354981947,0.0024297355984801428
2020-01-02,0.016697334743149383,0.009351787962043057
2020-01-03,-0.00916009095715098,-0.007572165128451158
2020-01-06,0.006443241974617653,0.003814657846719083
2020-01-07,-0.00013934176803720444,-0.002811335523856928
2020-01-08,0.007516596165218825,0.005329131012509869
2020-01-09,0.008473414582284455,0.006780676540791619
2020-01-10,-0.002557408183894605,-0.0028775958316679118
2020-01-13,0.011537117385603812,0.006877481857758827
2020-01-14,-0.003937594537708811,-0.0015247924352119746
2020-01-15,0.0004088631082190819,0.002259983249740971
2020-01-16,0.009583708776096378,0.00831850801303613
2020-01-17,0.004948596316563636,0.003112481499102815
2020-01-21,-0.0004477152352103664,-0.001958374556195963
2020-01-22,0.0026423690658265997,0.00012085937601313823
2020-01-23,0.0032161683744977854,0.001147164316170013
2020-01-24,-0.008415120610535176,-0.00889311006816007
2020-01-27,-0.020655788326725877,-0.01602974968656845
2020-01-28,0.01535999620527062,0.01047945039195608
2020-01-29,0.0016257646073409848,-0.0008262159013961989
2020-01-30,0.0035615056655602384,0.0032453246341945796
2020-01-31,-0.01585802310601614,-0.018157515220544207
2020-02-03,0.015109461004460645,0.007428035042499115
2020-02-04,0.022888416827421487,0.015241403948410781
2020-02-05,0.003297244932096488,0.011547864459008794
2020-02-06,0.008631959406464995,0.003364875363689679
2020-02-07,-0.004300790800127796,-0.005329507319291937
2020-02-10,0.012085478519500814,0.0074654016304442905
2020-02-11,0.0001725775680763153,0.0017327063312475577
2020-02-12,0.009741051109435128,0.006443011796420928
2020-02-13,-0.00128070970376859,-0.0010670105928179963
2020-02-14,0.002863844922549985,0.001602076116987261
2020-02-18,0.0003834244332654446,-0.0025766792730220756
2020-02-19,0.009585587144589569,0.004780935265602304
2020-02-20,-0.009283732781690368,-0.004108233817567419
2020-02-21,-0.01920940128917381,-0.01029811091730648
2020-02-24,-0.038563364025529956,-0.03316538732002061
2020-02-25,-0.027191813157125044,-0.030302292158916555
2020-02-26,0.0051538572446008235,-0.003678247391980416
2020-02-27,-0.05007386784589396,-0.044911659703727236
2020-02-28,0.0007782340152615586,-0.004201274450134629
2020-03-02,0.051603298577246104,0.04330623382373178
2020-03-03,-0.03206729746677717,-0.02863223087862765
2020-03-04,0.04172238688010821,0.04203260255706853
2020-03-05,-0.030382292665316446,-0.0332415354037805
2020-03-06,-0.016872165703456732,-0.016531068839634844
2020-03-09,-0.06946434533295576,-0.07809432200592936
2020-03-10,0.05445020264074807,0.0517447532747457
2020-03-11,-0.04355463361464984,-0.04874832749201652
2020-03-12,-0.09169149040794378,-0.09567728497104833
2020-03-13,0.08470561664071052,0.0854863224968272
2020-03-16,-0.1197878022772334,-0.10942388956250226
2020-03-17,0.07584167569053957,0.05399235095650834
2020-03-18,-0.030416240347101442,-0.05063298449727671
2020-03-19,0.006002292021098032,0.0021248199570296222
2020-03-20,-0.03917602655063268,-0.04309420252186824
2020-03-23,0.0007222480374513562,-0.025568067471009592
2020-03-24,0.07743738137835332,0.09060325945836323
2020-03-25,-0.0074048715438889134,0.014970132807953895
2020-03-26,0.05266044175630746,0.05838993227191036
2020-03-27,-0.03439305752682398,-0.029785897890863944
2020-03-30,0.03637351253137622,0.03247572141863442
2020-03-31,-0.008540013110956646,-0.014905214714616255
2020-04-01,-0.04248924779423757,-0.04500483317425563
2020-04-02,0.020294912441219726,0.02307530215349929
2020-04-03,-0.014192778890880109,-0.014454080689622728
2020-04-06,0.07149503376590194,0.0671659524170114
2020-04-07,-0.00040743934605336207,0.0010194863300645451
2020-04-08,0.02123240498565271,0.0335684499963409
2020-04-09,0.0014457443653348445,0.015217569052505597
2020-04-13,0.010803622969457916,-0.009130181243524826
2020-04-14,0.04349097590324802,0.029492593231881248
2020-04-15,-0.011469765488316241,-0.021248123637075955
2020-04-16,0.018239979774853143,0.004824473019632292
2020-04-17,0.009566272359812222,0.02701547899488488
2020-04-20,-0.011844422109784092,-0.01761816187453047
2020-04-21,-0.036899704387067356,-0.030362947178630417
2020-04-22,0.02967436534421264,0.022194366292709544
2020-04-23,-0.002132935785724155,-7.161136999667139e-05
2020-04-24,0.015770380397381434,0.01393861509593286
2020-04-27,0.008043392306313901,0.014418358562159117
2020-04-28,-0.018834528612701518,-0.004598474482825687
2020-04-29,0.035461066177425726,0.026178714193243247
2020-04-30,-0.00041101785227304344,-0.00931075830822281
2020-05-01,-0.02818492429135,-0.026473608923675007
2020-05-04,0.011657356336647329,0.002758289174001227
2020-05-05,0.011337120784922439,0.009239449798424726
2020-05-06,0.006156449708893952,-0.006778763868356186
2020-05-07,0.012876679606197872,0.012066879697915311
2020-05-08,0.013704797132256363,0.016546437578979223
2020-05-11,0.008938980830284216,0.00020514823957018535
2020-05-12,-0.02093726469646262,-0.019931801630628243
2020-05-13,-0.012515534374646697,-0.017686155075280485
2020-05-14,0.011352133268548226,0.011967510933091452
2020-05-15,0.006491460681792072,0.004596911943025361
2020-05-18,0.01863217446970289,0.03045988613222539
2020-05-19,-0.002506346624375544,-0.010271215791220922
2020-05-20,0.01996833597921377,0.01698820589817096
2020-05-21,-0.010890760589868376,-0.006903954373084997
2020-05-22,0.003451844397750481,0.0018986095646742474
2020-05-26,-0.00269973126784373,0.01232102055735873
2020-05-27,0.00545749237951676,0.014878740673314184
2020-05-28,-0.0013024797443222935,-0.0018448332740997886
2020-05-29,0.01465273083007812,0.004455629007789064
2020-06-01,0.002999634968646747,0.0040419138040830305
2020-06-02,0.0067077192415172515,0.008280610346110828
2020-06-03,0.004498506500679955,0.013308063446348273
2020-06-04,-0.007013417956549528,-0.0026268707382289813
2020-06-05,0.01982729373861325,0.025629319947163554
2020-06-08,0.007760013428239176,0.012087668667938534
2020-06-09,0.007244758031741627,-0.0074565369152571614
2020-06-10,0.012001761783816622,-0.0055803803603895474
2020-06-11,-0.049549196156614794,-0.05764858964958541
2020-06-12,0.007948096307322627,0.011975695638048345
2020-06-15,0.012166979457184368,0.009335384707856331
2020-06-16,0.017172964350923747,0.019247790567764378
2020-06-17,0.0031706581604626916,-0.0041542218062741165
2020-06-18,0.002709265863432009,0.0003849938064817149
2020-06-19,-0.00016392122914088425,-0.005714786570128472
2020-06-22,0.011992651442765956,0.006415296653921487
2020-06-23,0.008510879813962369,0.00460374736008573
2020-06-24,-0.020615408283321535,-0.025508729402108243
2020-06-25,0.009519480269323921,0.010720428856482833
2020-06-26,-0.02361508057882955,-0.023751331636217787
2020-06-29,0.01090668941336359,0.014697575319136291
2020-06-30,0.019601447942949157,0.012809250366320635
2020-07-01,0.011672057339987996,0.007005037719060914
2020-07-02,0.00678671987426438,0.005507104320770395
2020-07-06,0.024584628530861963,0.015437175984912788
2020-07-07,-0.006888991859698712,-0.010313855204298839
2020-07-08,0.013171805505321377,0.007648752595329933
2020-07-09,0.008423298310324734,-0.005692941143837449
2020-07-10,0.006827569389035171,0.010210714064184057
2020-07-13,-0.020570386630937243,-0.00865897679513461
2020-07-14,0.0070779982866227,0.012958940265421104
2020-07-15,0.0020355804060028238,0.009187133908385547
2020-07-16,-0.006822534793164525,-0.003293266598219491
2020-07-17,0.0011576895958420597,0.0028990258945749137
2020-07-20,0.0283709618044119,0.008081396555532194
2020-07-21,-0.010420484396526986,0.002127711008251376
2020-07-22,0.003522624376414596,0.0056921046477207415
2020-07-23,-0.02612006927089383,-0.011931622764116634
2020-07-24,-0.00949568144489421,-0.00644056143451921
2020-07-27,0.01784294980643697,0.007292328286773397
2020-07-28,-0.01272476361755337,-0.006342263295966544
2020-07-29,0.011525993509239107,0.01229837030922809
2020-07-30,0.005235418282503623,-0.003567500858053796
2020-07-31,0.01784544239839847,0.007901950917828415
2020-08-03,0.01350725654665097,0.006952304684984201
2020-08-04,0.003712025580493883,0.003862421138993488
2020-08-05,0.0024780416514431636,0.006211232637440389
2020-08-06,0.01324443221153393,0.0066843397954086115
2020-08-07,-0.01154239894142206,0.000718010334340935
2020-08-10,-0.0042727871793794,0.0029889343300286697
2020-08-11,-0.018941141936940076,-0.008254621952728636
2020-08-12,0.025151789032853422,0.013942287919944674
2020-08-13,0.0022807127907709113,-0.0018080165079340516
2020-08-14,-0.0011744223049977576,2.9884088202480896e-05
2020-08-17,0.011610983950861353,0.003176790757867476
2020-08-18,0.009624660625223491,0.0021601132319322147
2020-08-19,-0.006727112459219975,-0.004163469826983679
2020-08-20,0.01387176883171315,0.003113320369374284
2020-08-21,0.006930257123843431,0.0035474442060474676
2020-08-24,0.006244086869025001,0.010133137983786344
2020-08-25,0.007862111179866238,0.003499443981431982
2020-08-26,0.021339045715088822,0.010025659788659214
2020-08-27,-0.0031169003845696874,0.0021861946201624516
2020-08-28,0.005085483411464198,0.00645977790907204
2020-08-31,0.008033229113231455,-0.003622924041687181
2020-09-01,0.017091811656994027,0.009419064189724047
2020-09-02,0.009469215878517456,0.014463695432916479
2020-09-03,-0.05070036563059843,-0.03441434009934241
2020-09-04,-0.013326115144700501,-0.008164589883395412
2020-09-08,-0.048063872024085574,-0.027322928459201035
2020-09-09,0.02937553179206054,0.01974734524475008
2020-09-10,-0.01993635083827483,-0.017363722675144078
2020-09-11,-0.006940002161314629,0.0005093188738112264
2020-09-14,0.01741555973592157,0.01317110916220754
2020-09-15,0.014173514021865508,0.00505219594781936
2020-09-16,-0.015946273691746615,-0.0039684694380195396
2020-09-17,-0.015622194062440475,-0.008795107009651804
2020-09-18,-0.012762379012976721,-0.011512874481496294
2020-09-21,0.0023979835332303967,-0.011129301640450007
2020-09-22,0.01857879212326341,0.010184405129645135
2020-09-23,-0.030534515868971046,-0.023190981340687644
2020-09-24,0.004656451616570578,0.002664981217656237
2020-09-25,0.023248556271064036,0.01616719166271441
2020-09-28,0.020769337864876114,0.01660942103061469
2020-09-29,-0.004509703074626503,-0.005445853446413462
2020-09-30,0.006849097725196485,0.007581800850674059
2020-10-01,0.015872477689159226,0.006419932786187799
2020-10-02,-0.028131229267508107,-0.009494595140382867
2020-10-05,0.021326438830784777,0.017733367243516485
2020-10-06,-0.017847100548558315,-0.014216058970520695
2020-10-07,0.017299198307417996,0.017406742431741673
2020-10-08,0.005323034266178972,0.008862519236952027
2020-10-09,0.015279856419540438,0.008929999682381062
2020-10-12,0.030870642833109585,0.01608753026804166
2020-10-13,-3.423819479919654e-05,-0.006526006855546274
2020-10-14,-0.008352366235433117,-0.006283194036508233
2020-10-15,-0.006711048362237015,-0.001236111458490785
2020-10-16,-0.005480693403172143,-0.0006042523329558014
2020-10-19,-0.016325495294272963,-0.015203476332495525
2020-10-20,0.002149672163577865,0.004005682876344174
2020-10-21,-0.0007738180518347404,-0.0018928051530399115
2020-10-22,-3.492775571922735e-05,0.0054854781911235495
2020-10-23,0.001970594919435964,0.003394945412315664
2020-10-26,-0.014996248634176479,-0.018479648291768624
2020-10-27,0.007808339407475495,-0.003447648544388948
2020-10-28,-0.03898659153011652,-0.03417900201853441
2020-10-29,0.017486356603671593,0.010163786871342229
2020-10-30,-0.025362665692200137,-0.010425014419301215
2020-11-02,0.00222730922855896,0.011208682574478823
2020-11-03,0.017297519704119413,0.017655480883909336
2020-11-04,0.044638464897570396,0.02234947568259238
2020-11-05,0.026070870193245277,0.019502806485916624
2020-11-06,0.0007471557505114301,-0.00022862441977111736
2020-11-09,-0.02043369206086776,0.012565690217154035
2020-11-10,-0.017913997476661114,-0.0014664595668149039
2020-11-11,0.022369193299659473,0.007428581041487359
2020-11-12,-0.0046937723729864045,-0.009701211804951537
2020-11-13,0.008772504802062153,0.013844659601180531
2020-11-16,0.007802506020462285,0.012482593123957164
2020-11-17,-0.003171750311724897,-0.00537823454497921
2020-11-18,-0.007390228440876667,-0.012034772421649742
2020-11-19,0.00782466662162773,0.004209949340558072
2020-11-20,-0.006840688506054016,-0.006847457194491091
2020-11-23,3.450979060182213e-05,0.005994108509287388
2020-11-24,0.014049681062159536,0.016113950174984515
2020-11-25,0.006147171852217914,-0.0015417226646440296
2020-11-27,0.009214142741911457,0.0027848418402711683
2020-11-30,0.00204000529031223,-0.004427195878783707
2020-12-01,0.01281618299879872,0.010937583249400529
2020-12-02,0.0012850578276022429,0.0021035164405416307
2020-12-03,0.0014151202508889682,-0.00027252498867413877
2020-12-04,0.0040753182222317275,0.00861778269497182
2020-12-07,0.005662546497663179,-0.002054804631183238
2020-12-08,0.003384961715980017,0.002925842178080895
2020-12-09,-0.02264128887776906,-0.00896877140247565
2020-12-10,0.004016134200152566,-0.00032695841098029366
2020-12-11,-0.0022147719594718396,-0.001172653330941742
2020-12-14,0.007255065355387336,-0.004477158263714642
2020-12-15,0.010689634915675539,0.013519010464799752
2020-12-16,0.005499382916524631,0.0015695835267857117
2020-12-17,0.006537834100746043,0.005592018287759126
2020-12-18,-0.003022843770338679,-0.0039930012033848605
2020-12-21,-0.0018705494544035695,-0.003575185499561706
2020-12-22,0.0027192029908884585,-0.0016855422499315598
2020-12-23,-0.005036050079141319,0.0008984281007209383
2020-12-24,0.004412530324755748,0.003890410919611398
2020-12-28,0.010078710267583446,0.008590970172908774
2020-12-29,0.0008958379712988851,-0.0019078831756857983
2020-12-30,3.165949706773752e-05,0.0014270617889637904
2020-12-31,0.0024603893248764663,0.005080731668583249
2021-01-04,-0.014120134948553464,-0.013613988991216353
2021-01-05,0.008244546032235789,0.006887319500563649
2021-01-06,-0.013852431025454859,0.005978472565431048
2021-01-07,0.024191821506260425,0.014857489414251468
2021-01-08,0.012857881182510633,0.005697848219266
2021-01-11,-0.014449778777232969,-0.006740866347761054
2021-01-12,-0.0015903770097740466,0.00021089896990988954
2021-01-13,0.006753308578405726,0.0026930051541922406
2021-01-14,-0.005347435541326218,-0.0035018536418461865
2021-01-15,-0.007920933009599174,-0.007292451634381081
2021-01-19,0.014589643510309225,0.007851858114063193
2021-01-20,0.023260941780628874,0.013838749647594462
2021-01-21,0.007999619515909995,0.0009115579384286754
2021-01-22,-0.0028801973644391188,-0.0035395848878700953
2021-01-25,0.008266148093093006,0.003943782639147075
2021-01-26,0.0014631444642139169,-0.0015605161137474122
2021-01-27,-0.027877150589237898,-0.024440768799480317
2021-01-28,0.005917176129933699,0.008600329996700129
2021-01-29,-0.021038062365289822,-0.02001940063248364
2021-02-01,0.02498690406472548,0.016645254686819655
2021-02-02,0.016314227189138997,0.014140217304682734
2021-02-03,-0.003967345259668131,0.0007864111062283463
2021-02-04,0.011826755549737555,0.011365656205876151
2021-02-05,0.003391283202054618,0.003935915910940446
2021-02-08,0.006699744323167778,0.0072218033161217665
2021-02-09,-0.0002097147595487847,-0.0006657721645138004
2021-02-10,-0.0022789621057621723,-0.00043556036753567007
2021-02-11,0.005499659655513245,0.001614953114414286
2021-02-12,0.005589165452331235,0.004939843435153968
2021-02-16,-0.0027047239397752776,-0.0008660698971524328
2021-02-17,-0.004798273249826512,0.0002295340341527119
2021-02-18,-0.004372084953840227,-0.0042559430046558155
2021-02-19,-0.004361102722144294,-0.0017657805888600109
2021-02-22,-0.02592013861085629,-0.007691860625225644
2021-02-23,-0.002977159776655247,0.001214289903882726
2021-02-24,0.008243389652300204,0.011019172017593393
2021-02-25,-0.03486293745751812,-0.02409558304831938
2021-02-26,0.004187549356142295,-0.005152561173899062
2021-03-01,0.030081981407529712,0.024240101708707273
2021-03-02,-0.01603846821819055,-0.007803080079061719
2021-03-03,-0.02902025819702103,-0.013246007982330554
2021-03-04,-0.016367057792785578,-0.012374453753812298
2021-03-05,0.015061040759660749,0.01839633112451411
2021-03-08,-0.028314024498701573,-0.0049787917607527765
2021-03-09,0.03944087881678415,0.014277789434951949
2021-03-10,-0.0028544624925571638,0.006224388424031391
2021-03-11,0.023031093015957183,0.010139056612565867
2021-03-12,-0.008111998179188284,0.0013466941693123236
2021-03-15,0.010682827094623981,0.005963805799058752
2021-03-16,0.0054889822001238375,-0.0012611918936629163
2021-03-17,0.004117320503330912,0.0034095348136222725
2021-03-18,-0.03063035774676881,-0.014549476863423116
2021-03-19,0.0035250709408012337,-0.0018503018681020889
2021-03-22,0.0187532157741368,0.007984917191265373
2021-03-23,-0.004362284665237026,-0.007870720461480851
2021-03-24,-0.016865628729855642,-0.0050834414726770305
2021-03-25,-0.0017314113528805741,0.005625678326689476
2021-03-26,0.01500024446192505,0.016114778325413637
2021-03-29,-0.0002849300051540604,-0.0005051506959651286
2021-03-30,-0.005033236178128342,-0.0026526554725031515
2021-03-31,0.015303027067251618,0.0040530867254233716
2021-04-01,0.01704613739553107,0.010799154323527071
2021-04-05,0.019964936251790855,0.014353081711325988
2021-04-06,-0.0006947449749032941,-0.0005905188549025775
2021-04-07,0.002418532198257939,0.001157072255438596
2021-04-08,0.010433384549767943,0.004746921580445207
2021-04-09,0.006058151596466388,0.007270067446501827
2021-04-12,-0.0013048684175099856,0.00036456289084974003
2021-04-13,0.011672947417116664,0.002963866060155418
2021-04-14,-0.012008208662657727,-0.0034151850893504587
2021-04-15,0.01515561171762747,0.010742399666433977
2021-04-16,0.0011708858657506482,0.0033423756310286823
2021-04-19,-0.009151844375060558,-0.004912963192954645
2021-04-20,-0.007288550974799746,-0.007321397626309678
2021-04-21,0.008560651374681427,0.009462038387402671
2021-04-22,-0.012054296302344114,-0.009133243985180228
2021-04-23,0.012589669677123272,0.010842431622041016
2021-04-26,0.006510948251777338,0.002087480319055812
2021-04-27,-0.004332171525653683,-0.00021554791714339938
2021-04-28,-0.003381069918280133,-0.0002872494364145606
2021-04-29,0.003599013687668018,0.006372916144933294
2021-04-30,-0.006554830462551675,-0.0065705384168617265
2021-05-03,-0.005325327206964547,0.0021567651764662354
2021-05-04,-0.017995863015686453,-0.006169509844948351
2021-05-05,-0.003362257414778913,0.0003128201586715118
2021-05-06,0.007537202798569176,0.007985754585402738
2021-05-07,0.008114708669980653,0.007277940074874145
2021-05-10,-0.025254301699368153,-0.009902235640859791
2021-05-11,-0.0013814827140524732,-0.008925010939785927
2021-05-12,-0.025883221408891655,-0.021244996887709977
2021-05-13,0.007731573776993628,0.012012373006652588
2021-05-14,0.022076767947908804,0.015355196374356339
2021-05-17,-0.0060662127322491655,-0.002544409307763895
2021-05-18,-0.006750805308356478,-0.008615807264642839
2021-05-19,0.0011482346479121386,-0.0026215391601380755
2021-05-20,0.0193431483047648,0.010757746130331869
2021-05-21,-0.005534721150685318,-0.0008184742043422233
2021-05-24,0.016819064066659006,0.010194116705240397
2021-05-25,0.0013834837422890267,-0.002218673159962048
2021-05-26,0.0034838868929794042,0.0019845918721166367
2021-05-27,-0.003741166898864612,0.0005247282497751193
2021-05-28,0.0031544191311225767,0.0017888266592582802
2021-06-01,-0.00332409679499579,-0.0008808150721485442
2021-06-02,0.0019531777084917934,0.0015725603247787046
2021-06-03,-0.010405839850922805,-0.003711309469862978
2021-06-04,0.01696959429325484,0.009145957489455903
2021-06-07,0.0029798240221032835,-0.0009702852285768948
2021-06-08,0.0004754377599260895,0.00021313179673598803
2021-06-09,0.00023751233066127142,-0.0014918379750261668
2021-06-10,0.010420273609486497,0.004648329227758374
2021-06-11,0.0026148937458667643,0.0016525915615730469
2021-06-14,0.009582916894242066,0.0022387763399280836
2021-06-15,-0.006531202852041784,-0.0018340650673773773
2021-06-16,-0.003652207862044121,-0.005583249462482565
2021-06-17,0.01269761351849108,-0.0003316616693093133
2021-06-18,-0.007847226303457244,-0.013490337178268752
2021-06-21,0.006214851294451096,0.014315876236218106
2021-06-22,0.00932173874889286,0.005346447312554847
2021-06-23,0.0004888799288071954,-0.001205548726975203
2021-06-24,0.006183146790376126,0.0059159685839744736
2021-06-25,-0.0012291200509857436,0.003551667112116963
2021-06-28,0.012161482567343729,0.0020158852339571265
2021-06-29,0.0036188821566345286,0.0005381623165849891
2021-06-30,-0.001577330284253775,0.0008417847919282018
2021-07-01,0.0003949555464077825,0.005536547191297592
2021-07-02,0.011478663508743159,0.007643603988444658
2021-07-06,0.004321862171391633,-0.0018216331559725019
2021-07-07,0.0021098578568259363,0.0035341588096411414
2021-07-08,-0.006039530920143088,-0.008147939199584342
2021-07-09,0.00624354785131942,0.010674944992874025
2021-07-12,0.003905820155092332,0.0035818353589840424
2021-07-13,0.0,-0.0034091606082208292
2021-07-14,0.0017935747464674634,0.0014922608413034943
2021-07-15,-0.007023687420723346,-0.003415500484986178
2021-07-16,-0.008099216979646884,-0.007843595501286549
2021-07-19,-0.00819360646763323,-0.014767913277553335
2021-07-20,0.011616635238931527,0.014330097996716251
2021-07-21,0.0077202990979823305,0.00809663351540335
2021-07-22,0.006610308201288495,0.0020943005467040088
2021-07-23,0.011677379703000978,0.010287854411484165
2021-07-26,0.0007874709785185008,0.0024547217233050755
2021-07-27,-0.011017969187136711,-0.004557562072058263
2021-07-28,0.0038415253742452027,-0.00040986274258192346
2021-07-29,0.0017770288305116733,0.004147226194232356
2021-07-30,-0.005211943552724696,-0.0048565177494513945
2021-08-02,8.228555955769323e-05,-0.0020978565271860816
2021-08-03,0.006061520705418433,0.008135287719340578
2021-08-04,0.0014449770784310534,-0.004918832073438462
2021-08-05,0.0063427954539729825,0.0063329125559219435
2021-08-06,-0.004382288415615054,0.0016524374471178493
2021-08-09,0.0018477319697316474,-0.0008135745482988899
2021-08-10,-0.005125588879281939,0.0012437880928612977
2021-08-11,-0.0017175607890894673,0.0024849296698206125
2021-08-12,0.00360435011329141,0.0029972273710623387
2021-08-13,0.0035100395249876293,0.001819657284640952
2021-08-16,0.0004337423188263134,0.0023547834019885805
2021-08-17,-0.008807925392493754,-0.006555333479604686
2021-08-18,-0.009624845676780902,-0.01094506458491129
2021-08-19,0.0048315556070812615,0.001548334202877033
2021-08-20,0.010358286079662271,0.00795704705258471
2021-08-23,0.014956506613675868,0.008796577908449565
2021-08-24,0.0030543839750729607,0.0015875471664419383
2021-08-25,0.0011489166306439813,0.002098273374419035
2021-08-26,-0.006350255786556125,-0.005902982400646795
2021-08-27,0.009720228988309376,0.008940609312536818
2021-08-30,0.011222169233760848,0.004397831247538564
2021-08-31,-0.0008150623792586575,-0.0014817220025764577
2021-09-01,0.0016579660454982825,0.000531343811993823
2021-09-02,-0.0004728614186851887,0.003076679866410137
2021-09-03,0.0030757566755315047,-0.00024261453966767377
2021-09-07,0.0014150684620730658,-0.0035754413058329826
2021-09-08,-0.0034807314182225824,-0.0012184460183822798
2021-09-09,-0.003440229698056685,-0.004280325883481928
2021-09-10,-0.0075894895056068945,-0.007884436065174638
2021-09-13,-0.0006903515451620601,0.0025592574618737984
2021-09-14,-0.0028432789684765813,-0.005396732158030937
2021-09-15,0.007434726264151426,0.008352885228966267
2021-09-16,0.0006880185847450981,-0.0015849841117895336
2021-09-17,-0.011842458129658118,-0.009741309264993281
2021-09-20,-0.02066321656607406,-0.016674128954393463
2021-09-21,0.001230568483603811,-0.0009447880109347828
2021-09-22,0.009340551146447718,0.009754860970601076
2021-09-23,0.00922697172930187,0.012150203792562708
2021-09-24,0.0009381275856887861,0.0016470363726237558
2021-09-27,-0.00798210805745514,-0.0028608707022717006
2021-09-28,-0.028297590429572028,-0.02015188381978006
2021-09-29,-0.0016394080027191116,0.0016832615568036502
2021-09-30,-0.0036740052836361503,-0.01222243659998734
2021-10-01,0.006201818267742354,0.011884480248632201
2021-10-04,-0.020989546344799992,-0.012896410415320525
2021-10-05,0.013498878630562317,0.010405075636254812
2021-10-06,0.006407734786699981,0.004156055100162703
2021-10-07,0.009175316891262497,0.008645782433256866
2021-10-08,-0.004986929094855097,-0.001823929680708547
2021-10-11,-0.0076694169689909275,-0.007239673407291258
2021-10-12,-0.003487917399658702,-0.0024617982904699964
2021-10-13,0.008007984389026168,0.0035980074009873686
2021-10-14,0.01841669927470413,0.01682045233124252
2021-10-15,0.006300613852088022,0.007615913450601974
2021-10-18,0.010055874492050032,0.002960625011891649
2021-10-19,0.007567441228611305,0.007714726017926887
2021-10-20,-0.0013050707576302,0.003927678753152142
2021-10-21,0.006106897881528184,0.00260835254113867
2021-10-22,-0.008402399028067054,-0.0010362818787418293
2021-10-25,0.010237827235604291,0.0053627015405606215
2021-10-26,0.0031486730271330643,0.0009001059327344851
2021-10-27,0.0023211038986350463,-0.004430217649496471
2021-10-28,0.011105337280868044,0.009648982328504196
2021-10-29,0.004919148991889166,0.0020291048616218887
2021-11-01,0.00341870625177787,0.0017204152868648404
2021-11-02,0.004181478538412442,0.0040427524619122135
2021-11-03,0.010615613786824962,0.006105265462986287
2021-11-04,0.01281858118472079,0.0047124382658862984
2021-11-05,0.0009543108858398597,0.0034698474498442433
2021-11-08,-0.0013548455192122777,0.000853720295631355
2021-11-09,-0.006883500649746743,-0.0033054399797713963
2021-11-10,-0.014696949390351377,-0.008044814607500061
2021-11-11,0.002772847007284529,0.00032352684090430905
2021-11-12,0.0105224787871947,0.0075469167985999785
2021-11-15,-0.0002280786394117662,0.0003422273814306376
2021-11-16,0.007121055472885107,0.003957827383887835
2021-11-17,0.0005285147556493008,-0.0024294822981948405
2021-11-18,0.010361324995118881,0.003396678428492228
2021-11-19,0.005575608670678411,-0.001788100814932747
2021-11-22,-0.011609306872434444,-0.00281527386100644
2021-11-23,-0.004557845660384419,0.0013260218138333446
2021-11-24,0.0032200515429745558,0.0026699267123899695
2021-11-26,-0.018958733562180807,-0.02230327465835713
2021-11-29,0.021702503002883233,0.012266512769196103
2021-11-30,-0.01468628320202714,-0.019457611477727954
2021-12-01,-0.01701285986684553,-0.011107007113667189
2021-12-02,0.007206930752660323,0.015316231620359
2021-12-03,-0.01738854145245905,-0.008701355241125697
2021-12-06,0.008012982811431257,0.011843272925414094
2021-12-07,0.030113833153590397,0.020684815174122573
2021-12-08,0.004474309708698776,0.002648022831915675
2021-12-09,-0.014714244988980552,-0.006751428299014206
2021-12-10,0.010870527015198972,0.009413342147161607
2021-12-13,-0.014447273845649256,-0.00885824684066261
2021-12-14,-0.010349908609848413,-0.006879992592713768
2021-12-15,0.022797560661495186,0.015624966991886646
2021-12-16,-0.025714737791417197,-0.008818587327345417
2021-12-17,-0.004989223112260466,-0.010642739750366448
2021-12-20,-0.009700411785118934,-0.010633495312264318
2021-12-21,0.02238044840252784,0.017759037899301555
2021-12-22,0.012178572699357959,0.009998722766542345
2021-12-23,0.007539116285190994,0.006221931716633655
2021-12-27,0.01652710853096373,0.014152165854902199
2021-12-28,-0.004634773338654918,-0.0008173207412663919
2021-12-29,-0.00014927170421530356,0.0012793824491010852
2021-12-30,-0.0029884605678129894,-0.002764413050813319
2021-12-31,-0.006244588637625448,-0.0025203113853627945
2022-01-03,0.009626942177410891,0.0057900245829085595
2022-01-04,-0.012970690623526293,-0.00033507372472729724
2022-01-05,-0.03072114213259891,-0.01920221774278652
2022-01-06,-0.0007026101583308408,-0.0009392352944770366
2022-01-07,-0.01083277610270128,-0.003953499651120906
2022-01-10,0.0006582254747147243,-0.00124444468007745
2022-01-11,0.015022073887067,0.009108219007675444
2022-01-12,0.00396542391919219,0.002703587174282207
2022-01-13,-0.025016155682815677,-0.013778452979636535
2022-01-14,0.0062226308888257975,0.00040883520812373675
2022-01-18,-0.024894105307712966,-0.01770965196321972
2022-01-19,-0.010983843226456291,-0.010383520217133624
2022-01-20,-0.01298833282248324,-0.011067902607408864
2022-01-21,-0.027728576793846882,-0.0196307972856663
2022-01-24,0.004577858871436469,0.004246878239750673
2022-01-25,-0.023181596371325774,-0.012208990645180107
2022-01-26,-0.0015645718474613934,-0.0025087532836507442
2022-01-27,-0.010070363860430143,-0.004938070241552683
2022-01-28,0.031369195328477595,0.024835422743690216
2022-01-31,0.03197803515193365,0.018011227690398535
2022-02-01,0.006803556654281451,0.0067566732573149935
2022-02-02,0.00812550689375513,0.009714246376925084
2022-02-03,-0.04054398050399621,-0.023504944937133954
2022-02-04,0.012615258896729875,0.004702128742342548
2022-02-07,-0.008044909392031507,-0.0032092597811300694
2022-02-08,0.011235369843046072,0.008227960045010807
2022-02-09,0.021191059346596486,0.01463599183817732
2022-02-10,-0.022632709182540123,-0.017965744185932442
2022-02-11,-0.03172174468894884,-0.019718674122416013
2022-02-14,0.001239268151351336,-0.0032692980155446527
2022-02-15,0.024863854652980688,0.016126895234763294
2022-02-16,-0.00025254600587554243,0.0011209100340507927
2022-02-17,-0.02974401030760887,-0.021361538048794926
2022-02-18,-0.011405294908365726,-0.00647504439420421
2022-02-22,-0.010043996507939301,-0.010731685255415346
2022-02-23,-0.025614993359481697,-0.017738581909533258
2022-02-24,0.033604697519399984,0.015049062778827116
2022-02-25,0.015506700776962923,0.022063973460161757
2022-02-28,0.002979037028392195,-0.002558438349137715
2022-03-01,-0.015311489951560286,-0.015230199229330665
2022-03-02,0.01677963163656737,0.018396028166888234
2022-03-03,-0.014284897721597467,-0.004978170938735427
2022-03-04,-0.014491913219731645,-0.008124664706001261
2022-03-07,-0.036881201300599575,-0.02947942313980223
2022-03-08,-0.0046481526145375485,-0.007581562789078067
2022-03-09,0.03599794535534828,0.0268107925873724
2022-03-10,-0.011104653179380364,-0.004515537479273024
2022-03-11,-0.02073851870242438,-0.01271503931591822
2022-03-14,-0.01920445145523686,-0.007308236296157178
2022-03-15,0.03136663554000352,0.02199044780420656
2022-03-16,0.037086970223222604,0.022173861826802144
2022-03-17,0.01210632773095277,0.012511102585652356
2022-03-18,0.020467791737556862,0.010952790853731464
2022-03-21,-0.0027801917901699724,-0.00029232943317691884
2022-03-22,0.019652497147595316,0.011701191782243825
2022-03-23,-0.01437124664649092,-0.012878365243265577
2022-03-24,0.022226659760747447,0.015074388504740632
2022-03-25,-0.000834150478129958,0.004883451846614761
2022-03-28,0.015472553438272918,0.007113115593605945
2022-03-29,0.017209560939769997,0.012370876167245859
2022-03-30,-0.011045497020749306,-0.006174709213009666
2022-03-31,-0.012394857230885958,-0.015391425232649247
2022-04-01,-0.001903295625586443,0.002834148147935478
2022-04-04,0.020588809921002982,0.008566727712402411
2022-04-05,-0.022204049130535308,-0.012631384148851788
2022-04-06,-0.0217116510751465,-0.00999948112882798
2022-04-07,0.002377869600372895,0.005038952339270875
2022-04-08,-0.013978983693695324,-0.0026738709504072755
2022-04-11,-0.023657595657917252,-0.017092316119928674
2022-04-12,-0.004223991820863526,-0.0037051844141023915
2022-04-13,0.020326867922296765,0.011453450238086305
2022-04-14,-0.022867118149961674,-0.012451735249748297
2022-04-18,0.0007684753114332032,0.00041113994528507725
2022-04-19,0.02235071962382884,0.01614272985825904
2022-04-20,-0.014584718279055275,-0.0007414409095629626
2022-04-21,-0.020690736044225333,-0.014953597862132795
2022-04-22,-0.02618601788536401,-0.027439123424370826
2022-04-25,0.012845598356010068,0.005797540294510295
2022-04-26,-0.037744753298191935,-0.028960703029004775
2022-04-27,-0.0011982506489947031,0.0028116745175541524
2022-04-28,0.0355156614459371,0.02525944428787552
2022-04-29,-0.04499848632249426,-0.03695553479891889
2022-05-02,0.016695968642830294,0.006019259364157703
2022-05-03,0.0010674474327194705,0.004584268545231307
2022-05-04,0.03381230183781181,0.030452686237688598
2022-05-05,-0.05036422306533561,-0.035542896780611954
2022-05-06,-0.011980669396354005,-0.005968807359427175
2022-05-09,-0.039127171217328005,-0.03201727676871602
2022-05-10,0.01214906680461536,0.0023106431067470012
2022-05-11,-0.0296583789073539,-0.015886410540259743
2022-05-12,-0.002364165535435947,-0.001043839096263821
2022-05-13,0.037059970816884835,0.023908057410335415
2022-05-16,-0.011591929350445618,-0.004057675489078982
2022-05-17,0.025901424364471515,0.02057041656742231
2022-05-18,-0.04909037900157842,-0.040311447828821234
2022-05-19,-0.005358178798797075,-0.006124809295052658
2022-05-20,-0.0031079722222342454,0.00043652636207247575
2022-05-23,0.01662752975251114,0.01871019942837915
2022-05-24,-0.021262143112794174,-0.0076337660731978785
2022-05-25,0.013995367162322525,0.008835018215955559
2022-05-26,0.02770691751147103,0.019981243699195295
2022-05-27,0.03263968283556862,0.02454922721008712
2022-05-31,-0.0026526458574707146,-0.005611229171179288
2022-06-01,-0.007396333515245379,-0.008088379127788592
2022-06-02,0.027385896964666534,0.019043557445834525
2022-06-03,-0.026019391207123266,-0.01641160184353674
2022-06-06,0.0033311802197077967,0.0030447692563260187
2022-06-07,0.008625513482367397,0.009592245726223192
2022-06-08,-0.007196434274007624,-0.010872221150621031
2022-06-09,-0.02678457915707344,-0.0237827464716015
2022-06-10,-0.035270485449098055,-0.028995606024136977
2022-06-13,-0.046496433153457195,-0.037968441691585975
2022-06-14,0.0018156403585773973,-0.003013345259249567
2022-06-15,0.024971731413013343,0.01425655910958068
2022-06-16,-0.04034651873113193,-0.033096015140040236
2022-06-17,0.012160059097947373,0.0021555753798512267
2022-06-21,0.025229128387256772,0.025173915268022595
2022-06-22,-0.0014588601222773612,-0.0018132143156160963
2022-06-23,0.014893101351810323,0.009802695262760563
2022-06-24,0.03426373596906518,0.031793770066278926
2022-06-27,-0.007331633503118051,-0.003819657177370428
2022-06-28,-0.030466690865269874,-0.020432866103627823
2022-06-29,0.0009166975526284649,-0.0008143804408965449
2022-06-30,-0.012402854856087941,-0.008124306247192847
2022-07-01,0.006600416781427976,0.010576705496969652
2022-07-05,0.01711983507296,0.0018882499719576895
2022-07-06,0.006411860589377039,0.0033774038156864084
2022-07-07,0.021399077213708262,0.014977261513687612
2022-07-08,0.0012542773201955626,-0.000822640459324564
2022-07-11,-0.02136436745974335,-0.011423398898157577
2022-07-12,-0.009687424965128533,-0.00884918139339308
2022-07-13,-0.002061296221543829,-0.005251606423082089
2022-07-14,0.0035711025409228547,-0.0024285537811439273
2022-07-15,0.01813923212003621,0.019105083939800593
2022-07-18,-0.008462602839737321,-0.008256982371316224
2022-07-19,0.03075305685729135,0.027019091013485097
2022-07-20,0.015856736429072926,0.006373228720518931
2022-07-21,0.014354900342547827,0.010183178339044252
2022-07-22,-0.017535374545807114,-0.009277939939782986
2022-07-25,-0.0056954135972389075,0.0012147864284397514
2022-07-26,-0.019648992873393056,-0.011830837262327698
2022-07-27,0.04225961267489553,0.02596634411986476
2022-07-28,0.00977802247293269,0.012542233971049033
2022-07-29,0.018236905470414788,0.014578839100654939
2022-08-01,-0.0006020536509487862,-0.0029614670087921846
2022-08-02,-0.002981697743684175,-0.006597293999265008
2022-08-03,0.027232531483917244,0.015659637297323226
2022-08-04,0.004676512912909381,-0.0006756211123654099
2022-08-05,-0.008168770498281352,-0.0016900388620103568
2022-08-08,-0.003232501546004407,-0.0011609415639638465
2022-08-09,-0.011318429764553661,-0.003971075968953519
2022-08-10,0.027910752253347937,0.021003941401902537
2022-08-11,-0.005676246398980234,0.0
2022-08-12,0.019470883218458024,0.01692915715386789
2022-08-15,0.008081213495257034,0.004120611733640311
2022-08-16,-0.0023418618233851385,0.00195883474430536
2022-08-17,-0.01140611477790443,-0.007098000598015686
2022-08-18,0.002404937497927362,0.002906457779733085
2022-08-19,-0.019497087458388185,-0.01343805037732082
2022-08-22,-0.026327172030233936,-0.020822507152064906
2022-08-23,-0.0008271229405824032,-0.0024194540124544694
2022-08-24,0.0028971274098212874,0.0032012809820067822
2022-08-25,0.01768215430276321,0.01411766192837538
2022-08-26,-0.04098827691338114,-0.033849041797773594
2022-08-29,-0.00985573440051779,-0.006612269794048831
2022-08-30,-0.01113624888036946,-0.0109777887969017
2022-08-31,-0.005813393006727674,-0.007609295585383147
2022-09-01,0.00043410050922609855,0.0031379946692557947
2022-09-02,-0.014128074973327465,-0.010544443736140718
2022-09-06,-0.0071821847964131935,-0.0037731980257955655
2022-09-07,0.02020113864478712,0.017965071880275074
2022-09-08,0.005184697248171277,0.006536223998592883
2022-09-09,0.02186203668797959,0.015535205369525684
2022-09-12,0.01188576365906635,0.010747650791917085
2022-09-13,-0.054837302546744016,-0.043482368425805884
2022-09-14,0.00793375614723546,0.003815845961892217
2022-09-15,-0.016653945255421188,-0.011353312270845684
2022-09-16,-0.006114629406786309,-0.007628851395203307
2022-09-19,0.00778769009375524,0.007754857049964814
2022-09-20,-0.007971226497389683,-0.011478620997043998
2022-09-21,-0.017906076702294826,-0.017443932130927986
2022-09-22,-0.012307770295214127,-0.008399436380955194
2022-09-23,-0.016281955615378485,-0.016754957035532425
2022-09-26,-0.004137776314412034,-0.009892840158594374
2022-09-27,0.0004012377209925422,-0.002552600627315771
2022-09-28,0.01989195175602876,0.01967636501913117
2022-09-29,-0.028827776538742356,-0.020888995683493228
2022-09-30,-0.01695660599384441,-0.015463405579941969
2022-10-03,0.0234605096484215,0.02640099225205783
2022-10-04,0.03144108535022361,0.030986648991572663
2022-10-05,-0.0005319720990989429,-0.002328197827933809
2022-10-06,-0.00787278977768513,-0.010315692249153852
2022-10-07,-0.03810429403105586,-0.027893940086861413
2022-10-10,-0.009996072776491283,-0.007635220409965893
2022-10-11,-0.013738154937852465,-0.006333087399748694
2022-10-12,-0.00034274950992885245,-0.0032985861533595395
2022-10-13,0.023452247438639384,0.026391195981468663
2022-10-14,-0.030057001732358812,-0.022788835733802193
2022-10-17,0.03302146210476353,0.02569712641813493
2022-10-18,0.007907597551418677,0.01174957169454749
2022-10-19,-0.003646473475703904,-0.00708655873157138
2022-10-20,-0.005102027849281043,-0.008385143172745635
2022-10-21,0.02344774188394294,0.02430143020010722
2022-10-24,0.011001443850158221,0.012236255069957735
2022-10-25,0.020685901536320772,0.015968613704059775
2022-10-26,-0.022096197677244023,-0.007534108908853088
2022-10-27,-0.01820634881372929,-0.00533978409653868
2022-10-28,0.030601003535368765,0.023790529517088155
2022-10-31,-0.011628031014008888,-0.007223111113314418
2022-11-01,-0.010217653960994943,-0.004376117758863818
2022-11-02,-0.03427720582906846,-0.025095938833868292
2022-11-03,-0.019534917692837772,-0.010296954453562268
2022-11-04,0.01608518996157282,0.014393073969914072
2022-11-07,0.010994500152593067,0.00956545058421332
2022-11-08,0.00728697528925859,0.005395438642588513
2022-11-09,-0.023076106203718583,-0.020602051883557793
2022-11-10,0.07378855788728056,0.05495427300080813
2022-11-11,0.018426131689334824,0.009678651410887973
2022-11-14,-0.00875126705911089,-0.008506777797592235
2022-11-15,0.013838275425985147,0.008529002847909029
2022-11-16,-0.013649391388553256,-0.007628738337073893
2022-11-17,-0.0022073235454851403,-0.0030597864968846533
2022-11-18,3.5218882060483736e-05,0.004540214052406011
2022-11-21,-0.01028717189171402,-0.003636012725719895
2022-11-22,0.014403083477026124,0.013456888666528943
2022-11-23,0.010036591969218467,0.00630160563869997
2022-11-25,-0.006578338783906457,-0.00022348255306536835
2022-11-28,-0.014673233603685998,-0.015957169317886266
2022-11-29,-0.0075693903149118835,-0.0017174812721068022
2022-11-30,0.04558543030396445,0.03150044879350311
2022-12-01,0.001226879374046419,-0.000735987461012777
2022-12-02,-0.003982950698564358,-0.0011534360266697297
2022-12-05,-0.016783367367625646,-0.017989308739569054
2022-12-06,-0.02072080841299473,-0.014414636741935882
2022-12-07,-0.0040823082264185295,-0.0017012514338623497
2022-12-08,0.011834633923344162,0.007833860643072565
2022-12-09,-0.0063765803153755796,-0.00747015486963809
2022-12-12,0.012551372257219473,0.014417235299555076
2022-12-13,0.01074999737391269,0.007569668056903067
2022-12-14,-0.007413516284003219,-0.006393495214134126
2022-12-15,-0.03357678117484053,-0.024461543847252964
2022-12-16,-0.009534277036750805,-0.011806394532289266
2022-12-19,-0.014053677248987761,-0.008479536240091679
2022-12-20,-0.000778444753824381,0.0013684835065912448
2022-12-21,0.014505780719523687,0.01495253553686493
2022-12-22,-0.024464884098406747,-0.014266276490652596
2022-12-23,0.0022490907110661595,0.005752038362049294
2022-12-27,-0.014137964727262253,-0.003943279016319301
2022-12-28,-0.01320283734513128,-0.012427904738663509
2022-12-29,0.024374864791495643,0.01800020488659637
2022-12-30,-0.0006002127771844723,-0.002634035895883846
2023-01-03,-0.006759785568423826,-0.0042098423921482775
2023-01-04,0.0047639713732678945,0.007720217418609732
2023-01-05,-0.015654378500785215,-0.01141344611603834
2023-01-06,0.02760148586533062,0.022932219922481956
2023-01-09,0.0064732804526113075,-0.0005667271318512412
2023-01-10,0.00846460324390419,0.007012626191799987
2023-01-11,0.017300138609062543,0.012647871009704659
2023-01-12,0.005404587008302375,0.0036408045800346844
2023-01-13,0.00688020151300095,0.003879555100071874
2023-01-17,0.0020288314636411897,-0.0018318794556517748
2023-01-18,-0.013000041189828004,-0.01578793438175463
2023-01-19,-0.00982426641932399,-0.007279904974503704
2023-01-20,0.027366614266898903,0.018628942376418767
2023-01-23,0.022216002495830667,0.01199862928228046
2023-01-24,-0.0020417771379648286,-0.001073270540205118
2023-01-25,-0.0022191352853104807,0.00037487704968164337
2023-01-26,0.01949734786491164,0.010990354669102587
2023-01-27,0.00995411100310406,0.0022975721543583294
2023-01-30,-0.02021855416524443,-0.012546832947207598
2023-01-31,0.014985931224090976,0.014703414593704611
2023-02-01,0.021383693050638364,0.010627515864607417
2023-02-02,0.035889848540914926,0.014557226835280934
2023-02-03,-0.01777232060620737,-0.010629263777240827
2023-02-06,-0.008459271283948078,-0.006111263623498786
2023-02-07,0.02071892061791103,0.0130786119628723
2023-02-08,-0.017781072059255165,-0.01093475443424885
2023-02-09,-0.008838139943992629,-0.008669070045213334
2023-02-10,-0.006563117643113903,0.0023335661057206636
2023-02-13,0.0160158745166763,0.011739073432605052
2023-02-14,0.007389223079658835,-0.00046028604851988675
2023-02-15,0.007661240780154399,0.0032475228362893738
2023-02-16,-0.018764274457668928,-0.013768830006515298
2023-02-17,-0.0070558438346854935,-0.002498464418471902
2023-02-21,-0.023675015136015,-0.020060719209324174
2023-02-22,0.0007479843914581785,-0.0013780516118770958
2023-02-23,0.008734440998954263,0.005319270639027707
2023-02-24,-0.016744184092552516,-0.01068231149476262
2023-02-27,0.007160904862538731,0.0034058434503421164
2023-02-28,-0.0012926966932036432,-0.003696111513066369
2023-03-01,-0.00803902585309857,-0.0038357827028210334
2023-03-02,0.008275994370765094,0.007777295956619801
2023-03-03,0.020673581962048937,0.016037847083203882
2023-03-06,0.0011346830735929903,0.0006927993121401688
2023-03-07,-0.012265895275070604,-0.015328805568996628
2023-03-08,0.004994363628636478,0.001632018049163575
2023-03-09,-0.017326151532726985,-0.018449892982840832
2023-03-10,-0.014043574043897888,-0.01442924895197839
2023-03-13,0.007416415160220735,-0.0014253648787341255
2023-03-14,0.022979725619826308,0.016530168965669167
2023-03-15,0.00524616698229563,-0.0062544028913595895
2023-03-16,0.026360700200298348,0.017545287174935087
2023-03-17,-0.004726082981092117,-0.011692879072911944
2023-03-20,0.003548785800119969,0.009615701316553427
2023-03-21,0.01428258254516046,0.013130484324580305
2023-03-22,-0.013598143185793998,-0.01704632665527539
2023-03-23,0.011858106582949723,0.0027032137150764246
2023-03-24,0.0036805886530189014,0.006561991828478275
2023-03-27,-0.006851318097569559,0.0018697312379134523
2023-03-28,-0.005311766370990623,-0.002244393999150107
2023-03-29,0.018233897209859018,0.01453488489201038
2023-03-30,0.00946532871362038,0.005855104372891828
2023-03-31,0.016630928158697156,0.014094583095090485
2023-04-03,-0.0024306406195718777,0.003810758240922363
2023-04-04,-0.003373194112271327,-0.005548312668418487
2023-04-05,-0.009872400084907973,-0.0026180093021340722
2023-04-06,0.006742036203111645,0.003900607811678558
2023-04-10,-0.0005658457760033819,0.0010262591479222039
2023-04-11,-0.006417789876181801,0.00026877154053317476
2023-04-12,-0.008833934101559748,-0.004076076915219717
2023-04-13,0.01958235602349312,0.01328279899869722
2023-04-14,-0.0018800862114951578,-0.0024428451402382922
2023-04-17,0.0008475786802160101,0.0035883522095008225
2023-04-18,6.277020841949366e-05,0.0006523489219725231
2023-04-19,-0.00047050297744433145,-0.0001692138910522889
2023-04-20,-0.007624173595366046,-0.005457090284539889
2023-04-21,0.0010430579518627692,0.0007771072650242239
2023-04-24,-0.002084433773391403,0.001043045237418605
2023-04-25,-0.01886371445819779,-0.015873779740694594
2023-04-26,0.006064633936587072,-0.004235374086119514
2023-04-27,0.027190614245960143,0.01990792469547009
2023-04-28,0.00689889698291668,0.008534951233156063
2023-05-01,-0.001147036203963392,-0.0010095524320106186
2023-05-02,-0.008721477010277812,-0.011239188065393146
2023-05-03,-0.006543960743252364,-0.006864108176035999
2023-05-04,-0.0035299486478013176,-0.0070830183558845405
2023-05-05,0.021254424621074408,0.018512553784230557
2023-05-08,0.002477194302241026,0.0002665726542958602
2023-05-09,-0.006332785584272971,-0.0043852681986197295
2023-05-10,0.010881610052882351,0.004672258919327987
2023-05-11,0.0032602535678318834,-0.0017438041565954743
2023-05-12,-0.00358686690119836,-0.0013103504226447127
2023-05-15,0.005415037999208172,0.0034501168030880436
2023-05-16,0.0011319029866561081,-0.006682647851037005
2023-05-17,0.012104347276766791,0.01213893463721094
2023-05-18,0.01857336256371589,0.009633243440665185
2023-05-19,-0.0022531722062187898,-0.0014551181322666196
2023-05-22,0.0033578385963952684,0.0004060532620360213
2023-05-23,-0.012676486362758976,-0.011222781385421432
2023-05-24,-0.005129497448743026,-0.007244823413490864
2023-05-25,0.024333022720300024,0.008660051068815733
2023-05-26,0.025550760324660304,0.012950458414327404
2023-05-30,0.004534805840894274,0.0003810993250930039
2023-05-31,-0.005686051178640517,-0.00554537848841008
2023-06-01,0.01155215877143334,0.009501062810068905
2023-06-02,0.007499511026398897,0.014461233260247175
2023-06-05,0.0007050943991862013,-0.0019162009554488657
2023-06-06,-0.00016908938961446296,0.0021773464180092628
2023-06-07,-0.01696539353044757,-0.0034576731966026175
2023-06-08,0.012413051443064482,0.006048478091603027
2023-06-09,0.0038229244318670474,0.001794186408213605
2023-06-12,0.016897025576674274,0.00907208377447799
2023-06-13,0.0076841795886113395,0.0065927989277885235
2023-06-14,0.007267340111191567,0.001190899469617257
2023-06-15,0.011915876104287015,0.01239767093193933
2023-06-16,-0.006292840966598101,-0.003406358204047444
2023-06-20,-0.0014317036579842846,-0.005188025831738163
2023-06-21,-0.013627632358569897,-0.0051237038383251665
2023-06-22,0.01179866389512485,0.003609692901579864
2023-06-23,-0.009913270870069657,-0.007560001908933356
2023-06-26,-0.013405451174619887,-0.004085771439139685
2023-06-27,0.017194082624372165,0.010963372571320074
2023-06-28,0.0019514422193438463,0.0005044706334604854
2023-06-29,-0.0020024674218545035,0.0039413135630683716
2023-06-30,0.015420162388186665,0.011800571472848409
2023-07-03,0.002354978934848484,0.0011505768465482902
2023-07-05,-2.694530631652814e-05,-0.0014871400985720928
2023-07-06,-0.007615989658095956,-0.00783066916060593
2023-07-07,-0.0033199196107113194,-0.002524866033744355
2023-07-10,0.00032734363230924046,0.002531257118866481
2023-07-11,0.00494070291115789,0.006368466628352332
2023-07-12,0.012630166648430752,0.008045925782065533
2023-07-13,0.01697873127316396,0.007936850929299188
2023-07-14,-0.00021101702335157846,-0.0006227376226836112
2023-07-17,0.009338531100093306,0.003472215105015719
2023-07-18,0.00818075188502565,0.007430503324821203
2023-07-19,-0.0002332780718129479,0.0022237843263406276
2023-07-20,-0.023052042336429657,-0.006634435693809615
2023-07-21,-0.0029993789381492775,0.0
2023-07-24,0.0015974586299174476,0.004467268206254538
2023-07-25,0.006777689424059874,0.002729993969081468
2023-07-26,-0.003326477743650691,0.00015374415118540874
2023-07-27,-0.0023839858069069075,-0.006629920607709838
2023-07-28,0.01821465648444187,0.009790223433556955
2023-07-31,0.0005216670130396839,0.001904074853625648
2023-08-01,-0.0023197865682940133,-0.0028615403483293056
2023-08-02,-0.021944149708656102,-0.013910771379835207
2023-08-03,-0.001602583394652357,-0.002865861349962251
2023-08-04,-0.004681669741212646,-0.004522797336639406
2023-08-07,0.008466643563161957,0.00872863141634972
2023-08-08,-0.008502100630089604,-0.004348744784511194
2023-08-09,-0.010994784608805541,-0.006685141443425802
2023-08-10,0.0018483579369898973,0.0003587694663247376
2023-08-11,-0.006375686964353311,-0.0005831829798021992
2023-08-14,0.01122219181046824,0.005520063253382057
2023-08-15,-0.010611791754445044,-0.01164891703268256
2023-08-16,-0.010588781588587004,-0.007338097483702843
2023-08-17,-0.010923131688707732,-0.0076198710531143465
2023-08-18,-0.001254910159978695,0.0004814044607575063
2023-08-21,0.016111535282616662,0.006506163689988798
2023-08-22,-0.0014288348751875235,-0.0027086351641761874
2023-08-23,0.01576849932078561,0.011137929100104582
2023-08-24,-0.02137572717539571,-0.01385915232896573
2023-08-25,0.0077515957877056785,0.007049859927363622
2023-08-28,0.0075270872933610455,0.006341315927350433
2023-08-29,0.02183965276362332,0.0144546494580573
2023-08-30,0.005577022299878331,0.004118988863883066
2023-08-31,0.0029982529436110017,-0.0014634035059160055
2023-09-01,-0.0010582409993596942,0.0018650764885848048
2023-09-05,0.001271415573272705,-0.004321807995876226
2023-09-06,-0.008808037804145963,-0.00672245372777347
2023-09-07,-0.0071515977646995355,-0.003070240486752196
2023-09-08,0.0013974977038364589,0.0015061541806753453
2023-09-11,0.01178281517823021,0.006576583479601217
2023-09-12,-0.011088371132718322,-0.005485525593879381
2023-09-13,0.0038091618659914506,0.0011659429869188553
2023-09-14,0.008177081131313546,0.008622410629380184
2023-09-15,-0.01712285033378147,-0.012048338042223716
2023-09-18,0.001042268104148425,0.0005863893298267975
2023-09-19,-0.002131100620941573,-0.0020739140839630688
2023-09-20,-0.014410657414916317,-0.009193148686483688
2023-09-21,-0.018324466019946528,-0.016528353855715383
2023-09-22,0.000139985239970164,-0.002248656600978949
2023-09-25,0.004749552981463401,0.00420535940159672
2023-09-26,-0.015016178771759758,-0.014691418853177374
2023-09-27,0.0023431961788227262,0.00039915419730851553
2023-09-28,0.008365467017853234,0.005797310275010847
2023-09-29,0.0007259881835757209,-0.002426914896036636
2023-10-02,0.008345839473058891,-0.000397512210176032
2023-10-03,-0.017549802896781097,-0.013386159548430254
2023-10-04,0.013608667725107049,0.007281980249475906
2023-10-05,-0.002946418765213177,-0.00037675381284396625
2023-10-06,0.016755375532274908,0.011872739817849531
2023-10-09,0.005100013923210023,0.006402257118859778
2023-10-10,0.005538061098602887,0.0052047342863903445
2023-10-11,0.007135197311775254,0.004096452362875258
2023-10-12,-0.0034748498544634465,-0.006096510692083501
2023-10-13,-0.012570027743869727,-0.0049808388859627906
2023-10-16,0.011306456339705617,0.010521515050646135
2023-10-17,-0.0032755233086440017,-4.601027422490578e-05
2023-10-18,-0.013117754214178157,-0.013325159481197946
2023-10-19,-0.009356970406963483,-0.008786351097596956
2023-10-20,-0.014918040278432798,-0.012288066983292656
2023-10-23,0.003017833031678352,-0.0017332512111346565
2023-10-24,0.009727702519680248,0.007539525328783103
2023-10-25,-0.024475606670086747,-0.014352200266594894
2023-10-26,-0.019067368658296835,-0.011974642023696913
2023-10-27,0.0048014496741908275,-0.004532718620987031
2023-10-30,0.011265168383392199,0.01195574241713837
2023-10-31,0.004782337641836998,0.006280381790441103
2023-11-01,0.017356771977089958,0.010664539912952353
2023-11-02,0.018153535539732424,0.01916461401394054
2023-11-03,0.011748766180141645,0.00912326128969787
2023-11-06,0.004079295742441813,0.0023003788054161145
2023-11-07,0.00945258914085878,0.002845923017724239
2023-11-08,0.000643825397150577,0.000732564812612635
2023-11-09,-0.0076956334845111884,-0.007798727536800998
2023-11-10,0.022482514517732977,0.015604734235710849
2023-11-13,-0.0031187967753895096,-0.000953106184618524
2023-11-14,0.021526644218839763,0.019400710648425745
2023-11-15,0.0007528089779036407,0.002117054250281969
2023-11-16,0.0008557505033328638,0.0012230329330820133
2023-11-17,0.0002329749363358946,0.0012439596023434696
2023-11-20,0.012174828632052881,0.007697646432915262
2023-11-21,-0.005809373127850348,-0.002179472113143399
2023-11-22,0.004093079875420402,0.003860786605774935
2023-11-24,-0.0014100957155879223,0.0006153278672449414
2023-11-27,-0.0008728626956062691,-0.0018008539513074684
2023-11-28,0.0026208757514920578,0.0009899554130152755
2023-11-29,-0.0009740348325038006,-0.0007033710126977955
2023-11-30,-0.0025139392128813443,0.003937598985519486
2023-12-01,0.0028548961608849677,0.005915784980840888
2023-12-04,-0.009283499342453316,-0.005249354143821883
2023-12-05,0.00251077913290354,-0.00019719927145744887
2023-12-06,-0.005783786404615854,-0.004029590992078891
2023-12-07,0.013972157411665354,0.007630307244143708
2023-12-08,0.0044568190651339545,0.004299150431800403
2023-12-11,0.008542158447019554,0.0038894939518421268
2023-12-12,0.007964124400677841,0.00456738916194066
2023-12-13,0.012717217166327899,0.01379000932070662
2023-12-14,-0.000866852368030635,0.0032093312864134305
2023-12-15,0.004833994090502669,-0.0016465279846739067
2023-12-18,0.00629869431768304,0.0056250888080024986
2023-12-19,0.005109501825854679,0.006080821782701085
2023-12-20,-0.014859559489188268,-0.01385722741556672
2023-12-21,0.01163528530179736,0.009481935526338248
2023-12-22,0.0014958905171009729,0.0020097867761843524
2023-12-26,0.0061218513053600265,0.004222440322714904
2023-12-27,0.002035588918543718,0.0018080853378115158
2023-12-28,-0.00048580040111445566,0.0003776580912484562
2023-12-29,-0.004327960611245296,-0.002894902720663728
2024-01-02,-0.016922153091061043,-0.005596290004522109
2024-01-03,-0.010581470238221091,-0.00816682247539846
2024-01-04,-0.005146479381399671,-0.00322100673755199
2024-01-05,0.001186106537711007,0.0013696975395152133
2024-01-08,0.020667818229886725,0.014275939303044272
2024-01-09,0.001975549818679756,-0.0015171101886439775
2024-01-10,0.006777639390609158,0.005655409297403713
2024-01-11,0.0020807803574334205,-0.00044064307038349515
2024-01-12,0.0005130076908044234,0.000692649846480986
2024-01-16,-9.781683261389507e-05,-0.003671233796904816
2024-01-17,-0.005640591697018138,-0.00555856349847883
2024-01-18,0.014194129934215205,0.008892805538544879
2024-01-19,0.019830960397901,0.012466150723920322
2024-01-22,0.0013057796479938322,0.0021144111630142515
2024-01-23,0.004149715711402102,0.0029164844868880824
2024-01-24,0.005549250410719742,0.0010931825333377887
2024-01-25,0.0012211428125645796,0.005438906707420088
2024-01-26,-0.005957610580108796,-0.0012705179708160097
2024-01-29,0.010240569820532786,0.007919381580072882
2024-01-30,-0.006656680115922242,-0.0007733599780598288
2024-01-31,-0.019586147375351137,-0.016317331342206476
2024-02-01,0.011775336627524835,0.013088045875059517
2024-02-02,0.016900811654025683,0.010527539847102307
2024-02-05,-0.0013054731365886862,-0.003641312022430787
2024-02-06,-0.002007232482510446,0.0029033609818613915
2024-02-07,0.010290216395025586,0.008340280164100378
2024-02-08,0.0018518920653662896,0.000441708577624933
2024-02-09,0.009843096895037151,0.005779520614053624
2024-02-12,-0.003912661107543625,-0.00043903936526801246
2024-02-13,-0.015597125797594424,-0.013772905248642386
2024-02-14,0.010897414872886424,0.009087524280016357
2024-02-15,0.002977697604506613,0.006899859742297121
2024-02-16,-0.00906767251695495,-0.004980097439800768
2024-02-20,-0.0075481949182418795,-0.0055052980962286835
2024-02-21,-0.004001751862259262,0.0009057213023988542
2024-02-22,0.02927566233204515,0.02069560167438511
2024-02-23,-0.0029447309055752324,0.0006895695586834893
2024-02-26,-0.0005265092965253126,-0.0036624894663943586
2024-02-27,0.0024051484388767363,0.0018577522132514623
2024-02-28,-0.005324490100427348,-0.001321689813283622
2024-02-29,0.008569382128763792,0.0035949929320924223
2024-03-01,0.015056997956024443,0.00938825835618573
2024-03-04,-0.0035682070652278686,-0.0010724194381077634
2024-03-05,-0.017949548402526494,-0.009994094161217104
2024-03-06,0.006283745141356434,0.005067159562645029
2024-03-07,0.015178080931420146,0.009926494614351355
2024-03-08,-0.014434889605656198,-0.0060022374396853095
2024-03-11,-0.003712809669369599,-0.0008597191904240464
2024-03-12,0.014335083297605689,0.01075724701958447
2024-03-13,-0.007686054642912832,-0.0015676409153974058
2024-03-14,-0.0025212206724904984,-0.0019766613352618645
2024-03-15,-0.011886921854982191,-0.0068665607780658
2024-03-18,0.009537347464121604,0.005943184780418331
2024-03-19,0.0024915704364079083,0.005556981590266297
2024-03-20,0.011856692377480993,0.009249342898826507
2024-03-21,0.004732056481181912,0.0033047286909257956
2024-03-22,0.0011439141182343349,-0.0018957679593013532
2024-03-25,-0.0036291766267865233,-0.0027626414203557603
2024-03-26,-0.003237800773095767,-0.001847266148859883
2024-03-27,0.0034060786895750983,0.008403901795975832
2024-03-28,-0.0018431884393619313,-0.00019127316342026912
2024-04-01,0.0021169863907322117,-0.001739627362232543
2024-04-02,-0.008630170616741428,-0.006358039574279051
2024-04-03,0.0022443151411259965,0.0010984776093445614
2024-04-04,-0.015290656542132575,-0.012206156048329309
2024-04-05,0.011783798333746986,0.01044683524235257
2024-04-08,0.00029524052064533457,0.0005594304390883487
2024-04-09,0.0036994521768016764,0.0011568181160175328
2024-04-10,-0.008728417717872805,-0.01001316410310793
2024-04-11,0.015968225348202747,0.007546781003833436
2024-04-12,-0.01594183148271866,-0.013802914716269266
2024-04-15,-0.0164509572899455,-0.01252821742621646
2024-04-16,9.274355889532515e-05,-0.0018237075630331834
2024-04-17,-0.012201352911956564,-0.005918332748571675
2024-04-18,-0.005706448757587301,-0.002057668575260685
2024-04-19,-0.02068905587712211,-0.008728372086996727
2024-04-22,0.010056652323136017,0.00920909615249177
2024-04-23,0.014923009675402499,0.011866617760247777
2024-04-24,0.0033877082794313562,-0.00047465050058881353
2024-04-25,-0.004829964614186055,-0.003798820711377604
2024-04-26,0.015431584357793238,0.009473829310949533
2024-04-29,0.004060481241849212,0.0035415672071597015
2024-04-30,-0.018856230087189285,-0.015841202007279565
2024-05-01,-0.00723055842124154,-0.0032472645291961033
2024-05-02,0.012763477877914653,0.009353380648527088
2024-05-03,0.020098247832061267,0.012395505770640192
2024-05-06,0.010953434820371033,0.010326629350695615
2024-05-07,0.0001590712989165688,0.0011035482079475578
2024-05-08,-0.0005906118762912804,9.659983760301749e-05
2024-05-09,0.002181517671353994,0.005761836361708905
2024-05-10,0.0023582073249619473,0.0012883475158267377
2024-05-13,0.0023073364612598013,0.00013409805215802706
2024-05-14,0.006432257740819569,0.004588276769496469
2024-05-15,0.015630325841297532,0.012382835275118964
2024-05-16,-0.002031467157981748,-0.0020574118243179562
2024-05-17,-0.00048665106017620197,0.001437547504734793
2024-05-20,0.006972750902854319,0.0011520663491471073
2024-05-21,0.0019564953354653802,0.002452510759075155
2024-05-22,-0.00019753315548565187,-0.0028792147703587956
2024-05-23,-0.004498430922706187,-0.007304153406315961
2024-05-24,0.009456392060992469,0.006616217001499836
2024-05-28,0.0037777747020615315,0.0006989438103297552
2024-05-29,-0.00704841269633083,-0.007002643314757306
2024-05-30,-0.010713408977107486,-0.006633508975574687
2024-05-31,-0.0018601280397492204,0.009107984991483686
2024-06-03,0.0053691362644621154,0.0008153584312327045
2024-06-04,0.0027365205296696615,0.001117689435441882
2024-06-05,0.020159875314865072,0.01188520345031363
2024-06-06,-0.0003453212341275602,-1.8451485520820654e-05
2024-06-07,-0.0008847868114184587,-0.0012158225465564998
2024-06-10,0.004039296082433141,0.003089795156630215
2024-06-11,0.006862698080063456,0.0024083365749489882
2024-06-12,0.013097659148516128,0.008213141447610983
2024-06-13,0.005420364340715356,0.00201328617983787
2024-06-14,0.005181198952760369,0.0006085063699716731
2024-06-17,0.01224983990205386,0.007958910221575577
2024-06-18,0.00030921374739723007,0.0025405972976406677
2024-06-20,-0.007708008932374333,-0.002716316020169751
2024-06-21,-0.0026792848167994654,-0.0013408349017762777
2024-06-24,-0.011384680210560716,-0.0032506448605784666
2024-06-25,0.011435541623766587,0.0038509684777763287
2024-06-26,0.002065217895266702,0.0012481516847460128
2024-06-27,0.002581359013643203,0.001576242643081427
2024-06-28,-0.005190896276168866,-0.003934863586084081
2024-07-01,0.005864938631928052,0.002057954891645286
2024-07-02,0.010499767701703577,0.006729489477182993
2024-07-03,0.008337079165929406,0.004462878464198461
2024-07-05,0.010426779592588753,0.0057663783647854405
2024-07-08,0.0023783828042183153,0.001154139509944585
2024-07-09,0.0008645692519102521,0.0009721045036028553
2024-07-10,0.010426520768389569,0.00989551404565292
2024-07-11,-0.021930135749361312,-0.008622551979907467
2024-07-12,0.005874873969771377,0.00630741838079274
2024-07-15,0.0026877687152655483,0.002750070829395712
2024-07-16,0.00038295548806632773,0.0059302288745983756
2024-07-17,-0.02935500464937102,-0.014021014500708473
2024-07-18,-0.00473250498797495,-0.00768505468631564
2024-07-19,-0.008863443749164701,-0.006640584713270448
2024-07-22,0.014897691153421766,0.010310013477656366
2024-07-23,-0.0035246899503614815,-0.0015687881179545782
2024-07-24,-0.03587031181014,-0.022662486762486833
2024-07-25,-0.011027654942202592,-0.005210286235919459
2024-07-26,0.010255857201144192,0.011199677243803441
2024-07-29,0.0020087982522982717,0.0005877660449546962
2024-07-30,-0.013731354288171849,-0.005066489846381805
2024-07-31,0.02959369086425001,0.016254764957279733
2024-08-01,-0.024221493195441757,-0.01416112354708099
2024-08-02,-0.023734914675997087,-0.018618237034314866
2024-08-05,-0.029816095338201842,-0.029123845174314877
2024-08-06,0.00955511088884875,0.009219621998645566
2024-08-07,-0.010829874857136157,-0.006684208685932558
2024-08-08,0.030590934726042907,0.023117469447569983
2024-08-09,0.005222443880240846,0.004409666114656652
2024-08-12,0.002153501676244174,0.0005254171578374933
2024-08-13,0.024812755726341562,0.016445694687511114
2024-08-14,0.0003243267051009635,0.003154756395283176
2024-08-15,0.025263196517620434,0.017140106376777986
2024-08-16,0.0012856868547286293,0.002242125296502806
2024-08-19,0.013135976025262952,0.009561557967383116
2024-08-20,-0.0020985434760005806,-0.0016260688565393755
2024-08-21,0.004664081009820187,0.003436360238446623
2024-08-22,-0.015854773795980104,-0.00784856358069419
2024-08-23,0.010845338582113007,0.010625422141984808
2024-08-26,-0.009708154685296955,-0.002383933524857662
2024-08-27,0.002987289068453469,0.001373353282845935
2024-08-28,-0.011347466023095554,-0.005805323569158638
2024-08-29,-0.0014637512322361879,8.94147719037175e-05
2024-08-30,0.011919349039440696,0.009546108600853476
2024-09-03,-0.030361085501719898,-0.02057890461708045
2024-09-04,-0.0025982714108727656,-0.002046808041376802
2024-09-05,0.0009336458040962725,-0.002432308330522437
2024-09-06,-0.026787399563990788,-0.016830287177701186
2024-09-09,0.01285949846222234,0.011196238269804315
2024-09-10,0.009241841836579168,0.004355842743061
2024-09-11,0.021715442270263452,0.010258872609420822
2024-09-12,0.00981611208867772,0.008423478368637216
2024-09-13,0.004479970274435585,0.005222644079797112
2024-09-16,-0.004417906927297266,0.0014768050991735837
2024-09-17,0.0005283031274057048,0.000408635700938742
2024-09-18,-0.004329615649387275,-0.002966070727171255
2024-09-19,0.025284273657037115,0.017064697149070662
2024-09-20,-0.0019034307160863406,-0.0017286170032815296
2024-09-23,0.0026507145174834434,0.0024987362915100952
2024-09-24,0.004823587485756731,0.0028613586038446215
2024-09-25,0.0009272638368564845,-0.0022054765727956838
2024-09-26,0.0075130161462841905,0.0039646768793273335
2024-09-27,-0.005557034517588266,-0.0014503999865576045
2024-09-30,0.0027118400189183323,0.0040074237046077155
2024-10-01,-0.013932499905102258,-0.008958430375558879
2024-10-02,0.0014129933643116654,0.0004219137754077895
2024-10-03,-0.0007469471302403718,-0.0018282171792480817
2024-10-04,0.01189812623074693,0.009087337035467602
2024-10-07,-0.0107117003072017,-0.00904048377785971
2024-10-08,0.014934550243452804,0.009457833021298212
2024-10-09,0.007868397735588895,0.006926250725569849
2024-10-10,-0.0011355432733187731,-0.0017500547466894334
2024-10-11,0.0015631939571436604,0.005988255648767593
2024-10-14,0.00839142033193041,0.008178185694063034
2024-10-15,-0.013366717182789145,-0.007769448199582141
2024-10-16,0.00012215019512629155,0.004346329024053963
2024-10-17,0.0006925603918124246,8.589626262245353e-05
2024-10-18,0.006554784094421784,0.0038464495454269
2024-10-21,0.0019212053326929102,-0.0016421924026971402
2024-10-22,0.0010900197793977107,-0.0005312148364398084
2024-10-23,-0.015323903245403336,-0.009137148323359212
2024-10-24,0.00810888963134837,0.0021626629816335896
2024-10-25,0.006093531494475002,-0.0003455078960682423
2024-10-28,0.0001615008790127881,0.003091558131063099
2024-10-29,0.009608404007337867,0.0016183129423537057
2024-10-30,-0.007557519763289222,-0.0030252079193149317
2024-10-31,-0.025242679496877862,-0.0196029942305187
2024-11-01,0.007398790885007722,0.004220416590575926
2024-11-04,-0.002913153581244332,-0.0021541015300364785
2024-11-05,0.012756936424819232,0.012091814945917267
2024-11-06,0.027163166446182663,0.024865733075589258
2024-11-07,0.01574424016308895,0.0077319274489446865
2024-11-08,0.0011684322910145983,0.0043319847776654985
2024-11-11,-0.0005833844319337311,0.000952746508153357
2024-11-12,-0.0018100873313744437,-0.003106436676122093
2024-11-13,-0.0012866438518972512,0.00048582421637055617
2024-11-14,-0.006949774839114298,-0.006430280801580368
2024-11-15,-0.023825967959869465,-0.012808561421824072
2024-11-18,0.006947729013612847,0.0040975641789504635
2024-11-19,0.006879631448887702,0.0036554208946959488
2024-11-20,-0.000575921673672708,0.00033882283447983497
2024-11-21,0.0035972655464091563,0.0053682532931509375
2024-11-22,0.0016039539494596688,0.003099412387509881
2024-11-25,0.0015816385363234264,0.0033921398614391585
2024-11-26,0.005369237293380014,0.005221492547420548
2024-11-27,-0.007873389519518215,-0.0030302312032725043
2024-11-29,0.008786908456267062,0.006212147755142894
2024-12-02,0.010887767483953814,0.0017924255924715027
2024-12-03,0.003066372422856567,0.00046375270384491074
2024-12-04,0.012362901157624062,0.006209523813462736
2024-12-05,-0.002771233605449175,-0.0016454076612573143
2024-12-06,0.008949776545058796,0.0018953579992002645
2024-12-09,-0.007787528501633001,-0.005149516696016487
2024-12-10,-0.003407679192609092,-0.0031090694013231612
2024-12-11,0.017902548883835134,0.007730669235131105
2024-12-12,-0.006453936775781988,-0.005152790989754852
2024-12-13,0.007654326018595947,-0.00019849144435746258
2024-12-16,0.014400626046471077,0.004270015185904974
2024-12-17,-0.0044034670056734004,-0.004120137135518287
2024-12-18,-0.036077169877820725,-0.029803382286777036
2024-12-19,-0.004453292151030075,-0.00030706341716957297
2024-12-20,0.008732450249890444,0.012011113932080208
2024-12-23,0.009742787648310491,0.005988128598219955
2024-12-24,0.013559762595849678,0.011115071527136644
2024-12-26,-0.0006791155307113161,6.665365333424766e-05
2024-12-27,-0.013293187109398641,-0.010526539115531808
2024-12-30,-0.013299946239522908,-0.011411681658586303
2024-12-31,-0.008494737362351623,-0.0036380710711456654
